Survived,Pclass,Sex,Age,SibSp,Parch,Fare,Embarked,Male,Pclass_1,Pclass_2,Embark_S,Embark_C,Age_N,log_Fare,Ones,Parch,SibSp,,Male,Pcalss_1,Pclass_2,Embark_S,Embark_C,Age_N,log_Fare,Const,Parch,SibSp,,Linear,Loss,,
0,3,male,22,1,0,7.25,S,1,0,0,1,0,0.28,0.86,1,0,1,,0.00,0.00,0.00,0.00,0.36,0.00,0.00,0.00,0.16,0.00,,0.00,0.00,,0.31
1,1,female,38,1,0,71.2833,C,0,1,0,0,1,0.48,1.85,1,0,1,,-0.10,-0.34,-0.15,0.21,0.36,-0.16,0.48,-0.15,0.16,0.31,,1.00,0.00,,
1,3,female,26,0,0,7.925,S,0,0,0,1,0,0.33,0.90,1,0,0,,-0.10,-0.34,-0.15,0.21,0.36,-0.16,0.48,-0.15,0.16,-0.43,,0.45,0.30,,
1,1,female,35,1,0,53.1,S,0,1,0,1,0,0.44,1.73,1,0,1,,-0.10,-0.34,-0.15,0.21,0.36,-0.16,0.48,-0.15,0.16,-0.43,,0.06,0.89,,
0,3,male,35,0,0,8.05,S,1,0,0,1,0,0.44,0.91,1,0,0,,-0.10,-0.34,-0.15,0.21,0.36,-0.16,0.48,-0.15,0.16,-0.43,,0.33,0.11,,
0,1,male,54,0,0,51.8625,S,1,1,0,1,0,0.68,1.71,1,0,0,,-0.10,-0.34,-0.15,0.21,0.36,-0.16,0.48,-0.15,0.16,-0.43,,0.34,0.12,,
0,3,male,2,3,1,21.075,S,1,0,0,1,0,0.03,1.32,1,1,3,,-0.10,-0.34,-0.15,0.21,0.36,-0.16,0.48,-0.15,0.16,-0.43,,-0.53,0.28,,
1,3,female,27,0,2,11.1333,S,0,0,0,1,0,0.34,1.05,1,2,0,,-0.10,-0.34,-0.15,0.21,0.36,-0.16,0.48,-0.15,0.16,-0.43,,0.83,0.03,,
1,2,female,14,1,0,30.0708,C,0,0,1,0,1,0.18,1.48,1,0,1,,-0.10,-0.34,-0.15,0.21,0.36,-0.16,0.48,-0.15,0.16,-0.43,,0.32,0.46,,
1,3,female,4,1,1,16.7,S,0,0,0,1,0,0.05,1.22,1,1,1,,-0.10,-0.34,-0.15,0.21,0.36,-0.16,0.48,-0.15,0.16,-0.43,,0.37,0.39,,
1,1,female,58,0,0,26.55,S,0,1,0,1,0,0.73,1.42,1,0,0,,-0.10,-0.34,-0.15,0.21,0.36,-0.16,0.48,-0.15,0.16,-0.43,,0.30,0.50,,
0,3,male,20,0,0,8.05,S,1,0,0,1,0,0.25,0.91,1,0,0,,-0.10,-0.34,-0.15,0.21,0.36,-0.16,0.48,-0.15,0.16,-0.43,,0.36,0.13,,
0,3,male,39,0,5,31.275,S,1,0,0,1,0,0.49,1.50,1,5,0,,-0.10,-0.34,-0.15,0.21,0.36,-0.16,0.48,-0.15,0.16,-0.43,,1.39,1.92,,
0,3,female,14,0,0,7.8542,S,0,0,0,1,0,0.18,0.90,1,0,0,,-0.10,-0.34,-0.15,0.21,0.36,-0.16,0.48,-0.15,0.16,-0.43,,0.47,0.22,,
1,2,female,55,0,0,16,S,0,0,1,1,0,0.69,1.20,1,0,0,,-0.10,-0.34,-0.15,0.21,0.36,-0.16,0.48,-0.15,0.16,-0.43,,0.39,0.37,,
0,3,male,2,0,1,29.125,Q,1,0,0,0,0,0.03,1.46,1,1,0,,-0.10,-0.34,-0.15,0.21,0.36,-0.16,0.48,-0.15,0.16,-0.43,,0.61,0.38,,
0,3,female,31,0,0,18,S,0,0,0,1,0,0.39,1.26,1,0,0,,-0.10,-0.34,-0.15,0.21,0.36,-0.16,0.48,-0.15,0.16,-0.43,,0.61,0.37,,
0,2,male,35,0,0,26,S,1,0,1,1,0,0.44,1.41,1,0,0,,-0.10,-0.34,-0.15,0.21,0.36,-0.16,0.48,-0.15,0.16,-0.43,,0.43,0.18,,
1,2,male,34,0,0,13,S,1,0,1,1,0,0.43,1.11,1,0,0,,-0.10,-0.34,-0.15,0.21,0.36,-0.16,0.48,-0.15,0.16,-0.43,,0.29,0.51,,
1,3,female,15,0,0,8.0292,Q,0,0,0,0,0,0.19,0.90,1,0,0,,-0.10,-0.34,-0.15,0.21,0.36,-0.16,0.48,-0.15,0.16,-0.43,,0.26,0.55,,
1,1,male,28,0,0,35.5,S,1,1,0,1,0,0.35,1.55,1,0,0,,-0.10,-0.34,-0.15,0.21,0.36,-0.16,0.48,-0.15,0.16,-0.43,,0.32,0.47,,
0,3,female,8,0,1,21.075,S,0,0,0,1,0,0.10,1.32,1,1,0,,-0.10,-0.34,-0.15,0.21,0.36,-0.16,0.48,-0.15,0.16,-0.43,,0.84,0.71,,
1,3,female,38,0,5,31.3875,S,0,0,0,1,0,0.48,1.50,1,5,0,,-0.10,-0.34,-0.15,0.21,0.36,-0.16,0.48,-0.15,0.16,-0.43,,1.49,0.24,,
0,1,male,19,0,2,263,S,1,1,0,1,0,0.24,2.42,1,2,0,,-0.10,-0.34,-0.15,0.21,0.36,-0.16,0.48,-0.15,0.16,-0.43,,1.06,1.13,,
0,1,male,40,0,0,27.7208,C,1,1,0,0,1,0.50,1.44,1,0,0,,-0.10,-0.34,-0.15,0.21,0.36,-0.16,0.48,-0.15,0.16,-0.43,,0.39,0.15,,
0,2,male,66,0,0,10.5,S,1,0,1,1,0,0.83,1.02,1,0,0,,-0.10,-0.34,-0.15,0.21,0.36,-0.16,0.48,-0.15,0.16,-0.43,,0.18,0.03,,
0,1,male,28,0,0,82.1708,C,1,1,0,0,1,0.35,1.91,1,0,0,,-0.10,-0.34,-0.15,0.21,0.36,-0.16,0.48,-0.15,0.16,-0.43,,0.64,0.41,,
0,1,male,42,1,0,52,S,1,1,0,1,0,0.53,1.72,1,0,1,,-0.10,-0.34,-0.15,0.21,0.36,-0.16,0.48,-0.15,0.16,-0.43,,-0.06,0.00,,
0,3,male,21,0,0,8.05,S,1,0,0,1,0,0.26,0.91,1,0,0,,-0.10,-0.34,-0.15,0.21,0.36,-0.16,0.48,-0.15,0.16,-0.43,,0.36,0.13,,
0,3,female,18,2,0,18,S,0,0,0,1,0,0.23,1.26,1,0,2,,-0.10,-0.34,-0.15,0.21,0.36,-0.16,0.48,-0.15,0.16,-0.43,,-0.22,0.05,,
1,3,female,14,1,0,11.2417,C,0,0,0,0,1,0.18,1.05,1,0,1,,-0.10,-0.34,-0.15,0.21,0.36,-0.16,0.48,-0.15,0.16,-0.43,,0.27,0.54,,
0,3,female,40,1,0,9.475,S,0,0,0,1,0,0.50,0.98,1,0,1,,-0.10,-0.34,-0.15,0.21,0.36,-0.16,0.48,-0.15,0.16,-0.43,,0.03,0.00,,
0,2,female,27,1,0,21,S,0,0,1,1,0,0.34,1.32,1,0,1,,-0.10,-0.34,-0.15,0.21,0.36,-0.16,0.48,-0.15,0.16,-0.43,,0.07,0.01,,
1,2,female,3,1,2,41.5792,C,0,0,1,0,1,0.04,1.62,1,2,1,,-0.10,-0.34,-0.15,0.21,0.36,-0.16,0.48,-0.15,0.16,-0.43,,0.72,0.08,,
1,3,female,19,0,0,7.8792,Q,0,0,0,0,0,0.24,0.90,1,0,0,,-0.10,-0.34,-0.15,0.21,0.36,-0.16,0.48,-0.15,0.16,-0.43,,0.25,0.56,,
0,3,female,18,1,0,17.8,S,0,0,0,1,0,0.23,1.25,1,0,1,,-0.10,-0.34,-0.15,0.21,0.36,-0.16,0.48,-0.15,0.16,-0.43,,0.21,0.04,,
0,3,male,7,4,1,39.6875,S,1,0,0,1,0,0.09,1.60,1,1,4,,-0.10,-0.34,-0.15,0.21,0.36,-0.16,0.48,-0.15,0.16,-0.43,,-0.83,0.69,,
0,3,male,21,0,0,7.8,S,1,0,0,1,0,0.26,0.89,1,0,0,,-0.10,-0.34,-0.15,0.21,0.36,-0.16,0.48,-0.15,0.16,-0.43,,0.36,0.13,,
1,1,female,49,1,0,76.7292,C,0,1,0,0,1,0.61,1.88,1,0,1,,-0.10,-0.34,-0.15,0.21,0.36,-0.16,0.48,-0.15,0.16,-0.43,,0.26,0.55,,
1,2,female,29,1,0,26,S,0,0,1,1,0,0.36,1.41,1,0,1,,-0.10,-0.34,-0.15,0.21,0.36,-0.16,0.48,-0.15,0.16,-0.43,,0.11,0.79,,
0,1,male,65,0,1,61.9792,C,1,1,0,0,1,0.81,1.79,1,1,0,,-0.10,-0.34,-0.15,0.21,0.36,-0.16,0.48,-0.15,0.16,-0.43,,0.66,0.44,,
1,2,female,21,0,0,10.5,S,0,0,1,1,0,0.26,1.02,1,0,0,,-0.10,-0.34,-0.15,0.21,0.36,-0.16,0.48,-0.15,0.16,-0.43,,0.37,0.40,,
0,3,male,28.5,0,0,7.2292,C,1,0,0,0,1,0.36,0.86,1,0,0,,-0.10,-0.34,-0.15,0.21,0.36,-0.16,0.48,-0.15,0.16,-0.43,,0.47,0.22,,
1,2,female,5,1,2,27.75,S,0,0,1,1,0,0.06,1.44,1,2,1,,-0.10,-0.34,-0.15,0.21,0.36,-0.16,0.48,-0.15,0.16,-0.43,,0.48,0.27,,
0,3,male,11,5,2,46.9,S,1,0,0,1,0,0.14,1.67,1,2,5,,-0.10,-0.34,-0.15,0.21,0.36,-0.16,0.48,-0.15,0.16,-0.43,,-1.08,1.16,,
0,3,male,22,0,0,7.2292,C,1,0,0,0,1,0.28,0.86,1,0,0,,-0.10,-0.34,-0.15,0.21,0.36,-0.16,0.48,-0.15,0.16,-0.43,,0.49,0.24,,
0,1,male,45,1,0,83.475,S,1,1,0,1,0,0.56,1.92,1,0,1,,-0.10,-0.34,-0.15,0.21,0.36,-0.16,0.48,-0.15,0.16,-0.43,,0.03,0.00,,
0,3,male,4,3,2,27.9,S,1,0,0,1,0,0.05,1.45,1,2,3,,-0.10,-0.34,-0.15,0.21,0.36,-0.16,0.48,-0.15,0.16,-0.43,,-0.32,0.10,,
1,2,female,29,0,0,10.5,S,0,0,1,1,0,0.36,1.02,1,0,0,,-0.10,-0.34,-0.15,0.21,0.36,-0.16,0.48,-0.15,0.16,-0.43,,0.35,0.42,,
0,3,male,19,0,0,8.1583,S,1,0,0,1,0,0.24,0.91,1,0,0,,-0.10,-0.34,-0.15,0.21,0.36,-0.16,0.48,-0.15,0.16,-0.43,,0.37,0.14,,
1,3,female,17,4,2,7.925,S,0,0,0,1,0,0.21,0.90,1,2,4,,-0.10,-0.34,-0.15,0.21,0.36,-0.16,0.48,-0.15,0.16,-0.43,,-0.93,3.74,,
0,3,male,26,2,0,8.6625,S,1,0,0,1,0,0.33,0.94,1,0,2,,-0.10,-0.34,-0.15,0.21,0.36,-0.16,0.48,-0.15,0.16,-0.43,,-0.49,0.24,,
0,2,male,32,0,0,10.5,S,1,0,1,1,0,0.40,1.02,1,0,0,,-0.10,-0.34,-0.15,0.21,0.36,-0.16,0.48,-0.15,0.16,-0.43,,0.25,0.06,,
0,3,female,16,5,2,46.9,S,0,0,0,1,0,0.20,1.67,1,2,5,,-0.10,-0.34,-0.15,0.21,0.36,-0.16,0.48,-0.15,0.16,-0.43,,-0.99,0.97,,
0,2,male,21,0,0,73.5,S,1,0,1,1,0,0.26,1.87,1,0,0,,-0.10,-0.34,-0.15,0.21,0.36,-0.16,0.48,-0.15,0.16,-0.43,,0.67,0.46,,
0,3,male,26,1,0,14.4542,C,1,0,0,0,1,0.33,1.16,1,0,1,,-0.10,-0.34,-0.15,0.21,0.36,-0.16,0.48,-0.15,0.16,-0.43,,0.20,0.04,,
1,3,male,32,0,0,56.4958,S,1,0,0,1,0,0.40,1.75,1,0,0,,-0.10,-0.34,-0.15,0.21,0.36,-0.16,0.48,-0.15,0.16,-0.43,,0.75,0.06,,
0,3,male,25,0,0,7.65,S,1,0,0,1,0,0.31,0.88,1,0,0,,-0.10,-0.34,-0.15,0.21,0.36,-0.16,0.48,-0.15,0.16,-0.43,,0.34,0.12,,
1,2,male,0.83,0,2,29,S,1,0,1,1,0,0.01,1.46,1,2,0,,-0.10,-0.34,-0.15,0.21,0.36,-0.16,0.48,-0.15,0.16,-0.43,,0.83,0.03,,
1,3,female,30,0,0,12.475,S,0,0,0,1,0,0.38,1.10,1,0,0,,-0.10,-0.34,-0.15,0.21,0.36,-0.16,0.48,-0.15,0.16,-0.43,,0.54,0.22,,
0,3,male,22,0,0,9,S,1,0,0,1,0,0.28,0.95,1,0,0,,-0.10,-0.34,-0.15,0.21,0.36,-0.16,0.48,-0.15,0.16,-0.43,,0.38,0.15,,
1,3,male,29,0,0,9.5,S,1,0,0,1,0,0.36,0.98,1,0,0,,-0.10,-0.34,-0.15,0.21,0.36,-0.16,0.48,-0.15,0.16,-0.43,,0.38,0.38,,
0,1,male,28,0,0,47.1,S,1,1,0,1,0,0.35,1.67,1,0,0,,-0.10,-0.34,-0.15,0.21,0.36,-0.16,0.48,-0.15,0.16,-0.43,,0.38,0.14,,
1,2,female,17,0,0,10.5,S,0,0,1,1,0,0.21,1.02,1,0,0,,-0.10,-0.34,-0.15,0.21,0.36,-0.16,0.48,-0.15,0.16,-0.43,,0.37,0.39,,
1,3,female,33,3,0,15.85,S,0,0,0,1,0,0.41,1.20,1,0,3,,-0.10,-0.34,-0.15,0.21,0.36,-0.16,0.48,-0.15,0.16,-0.43,,-0.70,2.90,,
0,3,male,16,1,3,34.375,S,1,0,0,1,0,0.20,1.54,1,3,1,,-0.10,-0.34,-0.15,0.21,0.36,-0.16,0.48,-0.15,0.16,-0.43,,0.71,0.51,,
1,1,female,23,3,2,263,S,0,1,0,1,0,0.29,2.42,1,2,3,,-0.10,-0.34,-0.15,0.21,0.36,-0.16,0.48,-0.15,0.16,-0.43,,-0.13,1.27,,
0,3,male,24,0,0,8.05,S,1,0,0,1,0,0.30,0.91,1,0,0,,-0.10,-0.34,-0.15,0.21,0.36,-0.16,0.48,-0.15,0.16,-0.43,,0.36,0.13,,
0,3,male,29,0,0,8.05,S,1,0,0,1,0,0.36,0.91,1,0,0,,-0.10,-0.34,-0.15,0.21,0.36,-0.16,0.48,-0.15,0.16,-0.43,,0.35,0.12,,
0,3,male,20,0,0,7.8542,S,1,0,0,1,0,0.25,0.90,1,0,0,,-0.10,-0.34,-0.15,0.21,0.36,-0.16,0.48,-0.15,0.16,-0.43,,0.36,0.13,,
0,1,male,46,1,0,61.175,S,1,1,0,1,0,0.58,1.79,1,0,1,,-0.10,-0.34,-0.15,0.21,0.36,-0.16,0.48,-0.15,0.16,-0.43,,-0.03,0.00,,
0,3,male,26,1,2,20.575,S,1,0,0,1,0,0.33,1.31,1,2,1,,-0.10,-0.34,-0.15,0.21,0.36,-0.16,0.48,-0.15,0.16,-0.43,,0.43,0.19,,
0,3,male,59,0,0,7.25,S,1,0,0,1,0,0.74,0.86,1,0,0,,-0.10,-0.34,-0.15,0.21,0.36,-0.16,0.48,-0.15,0.16,-0.43,,0.27,0.07,,
0,1,male,71,0,0,34.6542,C,1,1,0,0,1,0.89,1.54,1,0,0,,-0.10,-0.34,-0.15,0.21,0.36,-0.16,0.48,-0.15,0.16,-0.43,,0.38,0.14,,
1,1,male,23,0,1,63.3583,C,1,1,0,0,1,0.29,1.80,1,1,0,,-0.10,-0.34,-0.15,0.21,0.36,-0.16,0.48,-0.15,0.16,-0.43,,0.75,0.06,,
1,2,female,34,0,1,23,S,0,0,1,1,0,0.43,1.36,1,1,0,,-0.10,-0.34,-0.15,0.21,0.36,-0.16,0.48,-0.15,0.16,-0.43,,0.66,0.12,,
0,2,male,34,1,0,26,S,1,0,1,1,0,0.43,1.41,1,0,1,,-0.10,-0.34,-0.15,0.21,0.36,-0.16,0.48,-0.15,0.16,-0.43,,0.00,0.00,,
0,3,female,28,0,0,7.8958,S,0,0,0,1,0,0.35,0.90,1,0,0,,-0.10,-0.34,-0.15,0.21,0.36,-0.16,0.48,-0.15,0.16,-0.43,,0.44,0.20,,
0,1,male,21,0,1,77.2875,S,1,1,0,1,0,0.26,1.89,1,1,0,,-0.10,-0.34,-0.15,0.21,0.36,-0.16,0.48,-0.15,0.16,-0.43,,0.65,0.42,,
0,3,male,33,0,0,8.6542,S,1,0,0,1,0,0.41,0.94,1,0,0,,-0.10,-0.34,-0.15,0.21,0.36,-0.16,0.48,-0.15,0.16,-0.43,,0.35,0.13,,
0,3,male,37,2,0,7.925,S,1,0,0,1,0,0.46,0.90,1,0,2,,-0.10,-0.34,-0.15,0.21,0.36,-0.16,0.48,-0.15,0.16,-0.43,,-0.53,0.28,,
0,3,male,28,0,0,7.8958,S,1,0,0,1,0,0.35,0.90,1,0,0,,-0.10,-0.34,-0.15,0.21,0.36,-0.16,0.48,-0.15,0.16,-0.43,,0.34,0.12,,
1,3,female,21,0,0,7.65,S,0,0,0,1,0,0.26,0.88,1,0,0,,-0.10,-0.34,-0.15,0.21,0.36,-0.16,0.48,-0.15,0.16,-0.43,,0.45,0.30,,
0,3,male,38,0,0,7.8958,S,1,0,0,1,0,0.48,0.90,1,0,0,,-0.10,-0.34,-0.15,0.21,0.36,-0.16,0.48,-0.15,0.16,-0.43,,0.32,0.11,,
0,1,male,47,0,0,52,S,1,1,0,1,0,0.59,1.72,1,0,0,,-0.10,-0.34,-0.15,0.21,0.36,-0.16,0.48,-0.15,0.16,-0.43,,0.36,0.13,,
0,3,female,14.5,1,0,14.4542,C,0,0,0,0,1,0.18,1.16,1,0,1,,-0.10,-0.34,-0.15,0.21,0.36,-0.16,0.48,-0.15,0.16,-0.43,,0.32,0.10,,
0,3,male,22,0,0,8.05,S,1,0,0,1,0,0.28,0.91,1,0,0,,-0.10,-0.34,-0.15,0.21,0.36,-0.16,0.48,-0.15,0.16,-0.43,,0.36,0.13,,
0,3,female,20,1,0,9.825,S,0,0,0,1,0,0.25,0.99,1,0,1,,-0.10,-0.34,-0.15,0.21,0.36,-0.16,0.48,-0.15,0.16,-0.43,,0.08,0.01,,
0,3,female,17,0,0,14.4583,C,0,0,0,0,1,0.21,1.16,1,0,0,,-0.10,-0.34,-0.15,0.21,0.36,-0.16,0.48,-0.15,0.16,-0.43,,0.74,0.55,,
0,3,male,21,0,0,7.925,S,1,0,0,1,0,0.26,0.90,1,0,0,,-0.10,-0.34,-0.15,0.21,0.36,-0.16,0.48,-0.15,0.16,-0.43,,0.36,0.13,,
0,3,male,70.5,0,0,7.75,Q,1,0,0,0,0,0.88,0.89,1,0,0,,-0.10,-0.34,-0.15,0.21,0.36,-0.16,0.48,-0.15,0.16,-0.43,,0.05,0.00,,
0,2,male,29,1,0,21,S,1,0,1,1,0,0.36,1.32,1,0,1,,-0.10,-0.34,-0.15,0.21,0.36,-0.16,0.48,-0.15,0.16,-0.43,,-0.03,0.00,,
0,1,male,24,0,1,247.5208,C,1,1,0,0,1,0.30,2.39,1,1,0,,-0.10,-0.34,-0.15,0.21,0.36,-0.16,0.48,-0.15,0.16,-0.43,,1.03,1.07,,
0,3,female,2,4,2,31.275,S,0,0,0,1,0,0.03,1.50,1,2,4,,-0.10,-0.34,-0.15,0.21,0.36,-0.16,0.48,-0.15,0.16,-0.43,,-0.62,0.38,,
0,2,male,21,2,0,73.5,S,1,0,1,1,0,0.26,1.87,1,0,2,,-0.10,-0.34,-0.15,0.21,0.36,-0.16,0.48,-0.15,0.16,-0.43,,-0.18,0.03,,
0,2,male,32.5,1,0,30.0708,C,1,0,1,0,1,0.41,1.48,1,0,1,,-0.10,-0.34,-0.15,0.21,0.36,-0.16,0.48,-0.15,0.16,-0.43,,0.19,0.03,,
1,2,female,32.5,0,0,13,S,0,0,1,1,0,0.41,1.11,1,0,0,,-0.10,-0.34,-0.15,0.21,0.36,-0.16,0.48,-0.15,0.16,-0.43,,0.39,0.37,,
0,1,male,54,0,1,77.2875,S,1,1,0,1,0,0.68,1.89,1,1,0,,-0.10,-0.34,-0.15,0.21,0.36,-0.16,0.48,-0.15,0.16,-0.43,,0.58,0.34,,
1,3,male,12,1,0,11.2417,C,1,0,0,0,1,0.15,1.05,1,0,1,,-0.10,-0.34,-0.15,0.21,0.36,-0.16,0.48,-0.15,0.16,-0.43,,0.17,0.69,,
1,3,male,24,0,0,7.1417,S,1,0,0,1,0,0.30,0.85,1,0,0,,-0.10,-0.34,-0.15,0.21,0.36,-0.16,0.48,-0.15,0.16,-0.43,,0.33,0.45,,
0,3,male,45,0,0,6.975,S,1,0,0,1,0,0.56,0.84,1,0,0,,-0.10,-0.34,-0.15,0.21,0.36,-0.16,0.48,-0.15,0.16,-0.43,,0.29,0.08,,
0,3,male,33,0,0,7.8958,C,1,0,0,0,1,0.41,0.90,1,0,0,,-0.10,-0.34,-0.15,0.21,0.36,-0.16,0.48,-0.15,0.16,-0.43,,0.48,0.23,,
0,3,male,20,0,0,7.05,S,1,0,0,1,0,0.25,0.85,1,0,0,,-0.10,-0.34,-0.15,0.21,0.36,-0.16,0.48,-0.15,0.16,-0.43,,0.34,0.11,,
0,3,female,47,1,0,14.5,S,0,0,0,1,0,0.59,1.16,1,0,1,,-0.10,-0.34,-0.15,0.21,0.36,-0.16,0.48,-0.15,0.16,-0.43,,0.11,0.01,,
1,2,female,29,1,0,26,S,0,0,1,1,0,0.36,1.41,1,0,1,,-0.10,-0.34,-0.15,0.21,0.36,-0.16,0.48,-0.15,0.16,-0.43,,0.11,0.79,,
0,2,male,25,0,0,13,S,1,0,1,1,0,0.31,1.11,1,0,0,,-0.10,-0.34,-0.15,0.21,0.36,-0.16,0.48,-0.15,0.16,-0.43,,0.30,0.09,,
0,2,male,23,0,0,15.0458,C,1,0,1,0,1,0.29,1.18,1,0,0,,-0.10,-0.34,-0.15,0.21,0.36,-0.16,0.48,-0.15,0.16,-0.43,,0.49,0.24,,
1,1,female,19,0,2,26.2833,S,0,1,0,1,0,0.24,1.42,1,2,0,,-0.10,-0.34,-0.15,0.21,0.36,-0.16,0.48,-0.15,0.16,-0.43,,0.68,0.10,,
0,1,male,37,1,0,53.1,S,1,1,0,1,0,0.46,1.73,1,0,1,,-0.10,-0.34,-0.15,0.21,0.36,-0.16,0.48,-0.15,0.16,-0.43,,-0.04,0.00,,
0,3,male,16,0,0,9.2167,S,1,0,0,1,0,0.20,0.96,1,0,0,,-0.10,-0.34,-0.15,0.21,0.36,-0.16,0.48,-0.15,0.16,-0.43,,0.40,0.16,,
0,1,male,24,0,0,79.2,C,1,1,0,0,1,0.30,1.90,1,0,0,,-0.10,-0.34,-0.15,0.21,0.36,-0.16,0.48,-0.15,0.16,-0.43,,0.64,0.41,,
1,3,female,22,0,0,7.75,S,0,0,0,1,0,0.28,0.89,1,0,0,,-0.10,-0.34,-0.15,0.21,0.36,-0.16,0.48,-0.15,0.16,-0.43,,0.45,0.30,,
1,3,female,24,1,0,15.85,S,0,0,0,1,0,0.30,1.20,1,0,1,,-0.10,-0.34,-0.15,0.21,0.36,-0.16,0.48,-0.15,0.16,-0.43,,0.17,0.69,,
0,3,male,19,0,0,6.75,Q,1,0,0,0,0,0.24,0.83,1,0,0,,-0.10,-0.34,-0.15,0.21,0.36,-0.16,0.48,-0.15,0.16,-0.43,,0.12,0.01,,
0,2,male,18,0,0,11.5,S,1,0,1,1,0,0.23,1.06,1,0,0,,-0.10,-0.34,-0.15,0.21,0.36,-0.16,0.48,-0.15,0.16,-0.43,,0.29,0.09,,
0,2,male,19,1,1,36.75,S,1,0,1,1,0,0.24,1.57,1,1,1,,-0.10,-0.34,-0.15,0.21,0.36,-0.16,0.48,-0.15,0.16,-0.43,,0.26,0.07,,
1,3,male,27,0,0,7.7958,S,1,0,0,1,0,0.34,0.89,1,0,0,,-0.10,-0.34,-0.15,0.21,0.36,-0.16,0.48,-0.15,0.16,-0.43,,0.34,0.43,,
0,3,female,9,2,2,34.375,S,0,0,0,1,0,0.11,1.54,1,2,2,,-0.10,-0.34,-0.15,0.21,0.36,-0.16,0.48,-0.15,0.16,-0.43,,0.24,0.06,,
0,2,male,36.5,0,2,26,S,1,0,1,1,0,0.46,1.41,1,2,0,,-0.10,-0.34,-0.15,0.21,0.36,-0.16,0.48,-0.15,0.16,-0.43,,0.74,0.54,,
0,2,male,42,0,0,13,S,1,0,1,1,0,0.53,1.11,1,0,0,,-0.10,-0.34,-0.15,0.21,0.36,-0.16,0.48,-0.15,0.16,-0.43,,0.27,0.07,,
0,2,male,51,0,0,12.525,S,1,0,1,1,0,0.64,1.10,1,0,0,,-0.10,-0.34,-0.15,0.21,0.36,-0.16,0.48,-0.15,0.16,-0.43,,0.25,0.06,,
1,1,female,22,1,0,66.6,S,0,1,0,1,0,0.28,1.82,1,0,1,,-0.10,-0.34,-0.15,0.21,0.36,-0.16,0.48,-0.15,0.16,-0.43,,0.13,0.75,,
0,3,male,55.5,0,0,8.05,S,1,0,0,1,0,0.69,0.91,1,0,0,,-0.10,-0.34,-0.15,0.21,0.36,-0.16,0.48,-0.15,0.16,-0.43,,0.29,0.09,,
0,3,male,40.5,0,2,14.5,S,1,0,0,1,0,0.51,1.16,1,2,0,,-0.10,-0.34,-0.15,0.21,0.36,-0.16,0.48,-0.15,0.16,-0.43,,0.76,0.57,,
0,1,male,51,0,1,61.3792,C,1,1,0,0,1,0.64,1.79,1,1,0,,-0.10,-0.34,-0.15,0.21,0.36,-0.16,0.48,-0.15,0.16,-0.43,,0.69,0.48,,
1,3,female,16,0,0,7.7333,Q,0,0,0,0,0,0.20,0.89,1,0,0,,-0.10,-0.34,-0.15,0.21,0.36,-0.16,0.48,-0.15,0.16,-0.43,,0.25,0.56,,
0,3,male,30,0,0,8.05,S,1,0,0,1,0,0.38,0.91,1,0,0,,-0.10,-0.34,-0.15,0.21,0.36,-0.16,0.48,-0.15,0.16,-0.43,,0.34,0.12,,
0,3,male,44,0,1,16.1,S,1,0,0,1,0,0.55,1.21,1,1,0,,-0.10,-0.34,-0.15,0.21,0.36,-0.16,0.48,-0.15,0.16,-0.43,,0.62,0.38,,
1,2,female,40,0,0,15.75,S,0,0,1,1,0,0.50,1.20,1,0,0,,-0.10,-0.34,-0.15,0.21,0.36,-0.16,0.48,-0.15,0.16,-0.43,,0.41,0.34,,
0,3,male,26,0,0,7.775,S,1,0,0,1,0,0.33,0.89,1,0,0,,-0.10,-0.34,-0.15,0.21,0.36,-0.16,0.48,-0.15,0.16,-0.43,,0.34,0.12,,
0,3,male,17,0,0,8.6625,S,1,0,0,1,0,0.21,0.94,1,0,0,,-0.10,-0.34,-0.15,0.21,0.36,-0.16,0.48,-0.15,0.16,-0.43,,0.39,0.15,,
0,3,male,1,4,1,39.6875,S,1,0,0,1,0,0.01,1.60,1,1,4,,-0.10,-0.34,-0.15,0.21,0.36,-0.16,0.48,-0.15,0.16,-0.43,,-0.82,0.67,,
1,3,male,9,0,2,20.525,S,1,0,0,1,0,0.11,1.31,1,2,0,,-0.10,-0.34,-0.15,0.21,0.36,-0.16,0.48,-0.15,0.16,-0.43,,0.89,0.01,,
0,3,female,45,1,4,27.9,S,0,0,0,1,0,0.56,1.45,1,4,1,,-0.10,-0.34,-0.15,0.21,0.36,-0.16,0.48,-0.15,0.16,-0.43,,0.87,0.75,,
0,3,male,28,0,0,56.4958,S,1,0,0,1,0,0.35,1.75,1,0,0,,-0.10,-0.34,-0.15,0.21,0.36,-0.16,0.48,-0.15,0.16,-0.43,,0.76,0.57,,
0,1,male,61,0,0,33.5,S,1,1,0,1,0,0.76,1.53,1,0,0,,-0.10,-0.34,-0.15,0.21,0.36,-0.16,0.48,-0.15,0.16,-0.43,,0.24,0.06,,
0,3,male,4,4,1,29.125,Q,1,0,0,0,0,0.05,1.46,1,1,4,,-0.10,-0.34,-0.15,0.21,0.36,-0.16,0.48,-0.15,0.16,-0.43,,-1.10,1.21,,
1,3,female,1,1,1,11.1333,S,0,0,0,1,0,0.01,1.05,1,1,1,,-0.10,-0.34,-0.15,0.21,0.36,-0.16,0.48,-0.15,0.16,-0.43,,0.30,0.50,,
0,3,male,21,0,0,7.925,S,1,0,0,1,0,0.26,0.90,1,0,0,,-0.10,-0.34,-0.15,0.21,0.36,-0.16,0.48,-0.15,0.16,-0.43,,0.36,0.13,,
0,1,male,56,0,0,30.6958,C,1,1,0,0,1,0.70,1.49,1,0,0,,-0.10,-0.34,-0.15,0.21,0.36,-0.16,0.48,-0.15,0.16,-0.43,,0.38,0.14,,
0,3,male,18,1,1,7.8542,S,1,0,0,1,0,0.23,0.90,1,1,1,,-0.10,-0.34,-0.15,0.21,0.36,-0.16,0.48,-0.15,0.16,-0.43,,0.09,0.01,,
0,1,female,50,0,0,28.7125,C,0,1,0,0,1,0.63,1.46,1,0,0,,-0.10,-0.34,-0.15,0.21,0.36,-0.16,0.48,-0.15,0.16,-0.43,,0.48,0.23,,
0,2,male,30,0,0,13,S,1,0,1,1,0,0.38,1.11,1,0,0,,-0.10,-0.34,-0.15,0.21,0.36,-0.16,0.48,-0.15,0.16,-0.43,,0.29,0.09,,
0,3,male,9,4,2,31.3875,S,1,0,0,1,0,0.11,1.50,1,2,4,,-0.10,-0.34,-0.15,0.21,0.36,-0.16,0.48,-0.15,0.16,-0.43,,-0.73,0.53,,
1,2,male,1,2,1,39,S,1,0,1,1,0,0.01,1.59,1,1,2,,-0.10,-0.34,-0.15,0.21,0.36,-0.16,0.48,-0.15,0.16,-0.43,,-0.12,1.25,,
1,3,female,4,0,2,22.025,S,0,0,0,1,0,0.05,1.34,1,2,0,,-0.10,-0.34,-0.15,0.21,0.36,-0.16,0.48,-0.15,0.16,-0.43,,1.02,0.00,,
1,1,male,45,0,0,26.55,S,1,1,0,1,0,0.56,1.42,1,0,0,,-0.10,-0.34,-0.15,0.21,0.36,-0.16,0.48,-0.15,0.16,-0.43,,0.22,0.61,,
0,3,male,40,1,1,15.5,Q,1,0,0,0,0,0.50,1.19,1,1,1,,-0.10,-0.34,-0.15,0.21,0.36,-0.16,0.48,-0.15,0.16,-0.43,,-0.02,0.00,,
0,3,male,36,0,0,7.8958,S,1,0,0,1,0,0.45,0.90,1,0,0,,-0.10,-0.34,-0.15,0.21,0.36,-0.16,0.48,-0.15,0.16,-0.43,,0.33,0.11,,
1,2,female,32,0,0,13,S,0,0,1,1,0,0.40,1.11,1,0,0,,-0.10,-0.34,-0.15,0.21,0.36,-0.16,0.48,-0.15,0.16,-0.43,,0.39,0.37,,
0,2,male,19,0,0,13,S,1,0,1,1,0,0.24,1.11,1,0,0,,-0.10,-0.34,-0.15,0.21,0.36,-0.16,0.48,-0.15,0.16,-0.43,,0.32,0.10,,
1,3,female,19,1,0,7.8542,S,0,0,0,1,0,0.24,0.90,1,0,1,,-0.10,-0.34,-0.15,0.21,0.36,-0.16,0.48,-0.15,0.16,-0.43,,0.03,0.94,,
1,2,male,3,1,1,26,S,1,0,1,1,0,0.04,1.41,1,1,1,,-0.10,-0.34,-0.15,0.21,0.36,-0.16,0.48,-0.15,0.16,-0.43,,0.22,0.61,,
1,1,female,44,0,0,27.7208,C,0,1,0,0,1,0.55,1.44,1,0,0,,-0.10,-0.34,-0.15,0.21,0.36,-0.16,0.48,-0.15,0.16,-0.43,,0.48,0.27,,
1,1,female,58,0,0,146.5208,C,0,1,0,0,1,0.73,2.17,1,0,0,,-0.10,-0.34,-0.15,0.21,0.36,-0.16,0.48,-0.15,0.16,-0.43,,0.80,0.04,,
0,3,male,42,0,1,8.4042,S,1,0,0,1,0,0.53,0.92,1,1,0,,-0.10,-0.34,-0.15,0.21,0.36,-0.16,0.48,-0.15,0.16,-0.43,,0.49,0.24,,
0,2,female,24,0,0,13,S,0,0,1,1,0,0.30,1.11,1,0,0,,-0.10,-0.34,-0.15,0.21,0.36,-0.16,0.48,-0.15,0.16,-0.43,,0.41,0.16,,
0,3,male,28,0,0,9.5,S,1,0,0,1,0,0.35,0.98,1,0,0,,-0.10,-0.34,-0.15,0.21,0.36,-0.16,0.48,-0.15,0.16,-0.43,,0.38,0.15,,
0,3,male,34,0,0,6.4958,S,1,0,0,1,0,0.43,0.81,1,0,0,,-0.10,-0.34,-0.15,0.21,0.36,-0.16,0.48,-0.15,0.16,-0.43,,0.29,0.09,,
0,3,male,45.5,0,0,7.225,C,1,0,0,0,1,0.57,0.86,1,0,0,,-0.10,-0.34,-0.15,0.21,0.36,-0.16,0.48,-0.15,0.16,-0.43,,0.44,0.19,,
1,3,male,18,0,0,8.05,S,1,0,0,1,0,0.23,0.91,1,0,0,,-0.10,-0.34,-0.15,0.21,0.36,-0.16,0.48,-0.15,0.16,-0.43,,0.37,0.40,,
0,3,female,2,0,1,10.4625,S,0,0,0,1,0,0.03,1.02,1,1,0,,-0.10,-0.34,-0.15,0.21,0.36,-0.16,0.48,-0.15,0.16,-0.43,,0.71,0.50,,
0,3,male,32,1,0,15.85,S,1,0,0,1,0,0.40,1.20,1,0,1,,-0.10,-0.34,-0.15,0.21,0.36,-0.16,0.48,-0.15,0.16,-0.43,,0.06,0.00,,
1,3,male,26,0,0,18.7875,C,1,0,0,0,1,0.33,1.27,1,0,0,,-0.10,-0.34,-0.15,0.21,0.36,-0.16,0.48,-0.15,0.16,-0.43,,0.68,0.10,,
1,3,female,16,0,0,7.75,Q,0,0,0,0,0,0.20,0.89,1,0,0,,-0.10,-0.34,-0.15,0.21,0.36,-0.16,0.48,-0.15,0.16,-0.43,,0.25,0.56,,
1,1,male,40,0,0,31,C,1,1,0,0,1,0.50,1.49,1,0,0,,-0.10,-0.34,-0.15,0.21,0.36,-0.16,0.48,-0.15,0.16,-0.43,,0.41,0.34,,
0,3,male,24,0,0,7.05,S,1,0,0,1,0,0.30,0.85,1,0,0,,-0.10,-0.34,-0.15,0.21,0.36,-0.16,0.48,-0.15,0.16,-0.43,,0.33,0.11,,
1,2,female,35,0,0,21,S,0,0,1,1,0,0.44,1.32,1,0,0,,-0.10,-0.34,-0.15,0.21,0.36,-0.16,0.48,-0.15,0.16,-0.43,,0.48,0.27,,
0,3,male,22,0,0,7.25,S,1,0,0,1,0,0.28,0.86,1,0,0,,-0.10,-0.34,-0.15,0.21,0.36,-0.16,0.48,-0.15,0.16,-0.43,,0.34,0.11,,
0,2,male,30,0,0,13,S,1,0,1,1,0,0.38,1.11,1,0,0,,-0.10,-0.34,-0.15,0.21,0.36,-0.16,0.48,-0.15,0.16,-0.43,,0.29,0.09,,
1,1,female,31,1,0,113.275,C,0,1,0,0,1,0.39,2.05,1,0,1,,-0.10,-0.34,-0.15,0.21,0.36,-0.16,0.48,-0.15,0.16,-0.43,,0.37,0.39,,
1,3,female,27,0,0,7.925,S,0,0,0,1,0,0.34,0.90,1,0,0,,-0.10,-0.34,-0.15,0.21,0.36,-0.16,0.48,-0.15,0.16,-0.43,,0.45,0.31,,
0,2,male,42,1,0,27,S,1,0,1,1,0,0.53,1.43,1,0,1,,-0.10,-0.34,-0.15,0.21,0.36,-0.16,0.48,-0.15,0.16,-0.43,,0.00,0.00,,
1,1,female,32,0,0,76.2917,C,0,1,0,0,1,0.40,1.88,1,0,0,,-0.10,-0.34,-0.15,0.21,0.36,-0.16,0.48,-0.15,0.16,-0.43,,0.72,0.08,,
0,2,male,30,0,0,10.5,S,1,0,1,1,0,0.38,1.02,1,0,0,,-0.10,-0.34,-0.15,0.21,0.36,-0.16,0.48,-0.15,0.16,-0.43,,0.25,0.06,,
1,3,male,16,0,0,8.05,S,1,0,0,1,0,0.20,0.91,1,0,0,,-0.10,-0.34,-0.15,0.21,0.36,-0.16,0.48,-0.15,0.16,-0.43,,0.37,0.39,,
0,2,male,27,0,0,13,S,1,0,1,1,0,0.34,1.11,1,0,0,,-0.10,-0.34,-0.15,0.21,0.36,-0.16,0.48,-0.15,0.16,-0.43,,0.30,0.09,,
0,3,male,51,0,0,8.05,S,1,0,0,1,0,0.64,0.91,1,0,0,,-0.10,-0.34,-0.15,0.21,0.36,-0.16,0.48,-0.15,0.16,-0.43,,0.30,0.09,,
1,1,male,38,1,0,90,S,1,1,0,1,0,0.48,1.95,1,0,1,,-0.10,-0.34,-0.15,0.21,0.36,-0.16,0.48,-0.15,0.16,-0.43,,0.06,0.88,,
0,3,male,22,0,0,9.35,S,1,0,0,1,0,0.28,0.97,1,0,0,,-0.10,-0.34,-0.15,0.21,0.36,-0.16,0.48,-0.15,0.16,-0.43,,0.39,0.15,,
1,2,male,19,0,0,10.5,S,1,0,1,1,0,0.24,1.02,1,0,0,,-0.10,-0.34,-0.15,0.21,0.36,-0.16,0.48,-0.15,0.16,-0.43,,0.27,0.53,,
0,3,male,20.5,0,0,7.25,S,1,0,0,1,0,0.26,0.86,1,0,0,,-0.10,-0.34,-0.15,0.21,0.36,-0.16,0.48,-0.15,0.16,-0.43,,0.34,0.12,,
0,2,male,18,0,0,13,S,1,0,1,1,0,0.23,1.11,1,0,0,,-0.10,-0.34,-0.15,0.21,0.36,-0.16,0.48,-0.15,0.16,-0.43,,0.32,0.10,,
1,1,female,35,1,0,83.475,S,0,1,0,1,0,0.44,1.92,1,0,1,,-0.10,-0.34,-0.15,0.21,0.36,-0.16,0.48,-0.15,0.16,-0.43,,0.15,0.72,,
0,3,male,29,0,0,7.775,S,1,0,0,1,0,0.36,0.89,1,0,0,,-0.10,-0.34,-0.15,0.21,0.36,-0.16,0.48,-0.15,0.16,-0.43,,0.34,0.12,,
0,2,male,59,0,0,13.5,S,1,0,1,1,0,0.74,1.13,1,0,0,,-0.10,-0.34,-0.15,0.21,0.36,-0.16,0.48,-0.15,0.16,-0.43,,0.25,0.06,,
1,3,female,5,4,2,31.3875,S,0,0,0,1,0,0.06,1.50,1,2,4,,-0.10,-0.34,-0.15,0.21,0.36,-0.16,0.48,-0.15,0.16,-0.43,,-0.62,2.63,,
0,2,male,24,0,0,10.5,S,1,0,1,1,0,0.30,1.02,1,0,0,,-0.10,-0.34,-0.15,0.21,0.36,-0.16,0.48,-0.15,0.16,-0.43,,0.26,0.07,,
0,2,male,44,1,0,26,S,1,0,1,1,0,0.55,1.41,1,0,1,,-0.10,-0.34,-0.15,0.21,0.36,-0.16,0.48,-0.15,0.16,-0.43,,-0.02,0.00,,
1,2,female,8,0,2,26.25,S,0,0,1,1,0,0.10,1.42,1,2,0,,-0.10,-0.34,-0.15,0.21,0.36,-0.16,0.48,-0.15,0.16,-0.43,,0.89,0.01,,
0,2,male,19,0,0,10.5,S,1,0,1,1,0,0.24,1.02,1,0,0,,-0.10,-0.34,-0.15,0.21,0.36,-0.16,0.48,-0.15,0.16,-0.43,,0.27,0.07,,
0,2,male,33,0,0,12.275,S,1,0,1,1,0,0.41,1.09,1,0,0,,-0.10,-0.34,-0.15,0.21,0.36,-0.16,0.48,-0.15,0.16,-0.43,,0.28,0.08,,
0,2,male,29,0,0,10.5,S,1,0,1,1,0,0.36,1.02,1,0,0,,-0.10,-0.34,-0.15,0.21,0.36,-0.16,0.48,-0.15,0.16,-0.43,,0.25,0.06,,
0,3,male,22,0,0,7.125,S,1,0,0,1,0,0.28,0.85,1,0,0,,-0.10,-0.34,-0.15,0.21,0.36,-0.16,0.48,-0.15,0.16,-0.43,,0.33,0.11,,
0,3,male,30,0,0,7.225,C,1,0,0,0,1,0.38,0.86,1,0,0,,-0.10,-0.34,-0.15,0.21,0.36,-0.16,0.48,-0.15,0.16,-0.43,,0.47,0.22,,
0,1,male,44,2,0,90,Q,1,1,0,0,0,0.55,1.95,1,0,2,,-0.10,-0.34,-0.15,0.21,0.36,-0.16,0.48,-0.15,0.16,-0.43,,-0.59,0.34,,
0,3,female,25,0,0,7.775,S,0,0,0,1,0,0.31,0.89,1,0,0,,-0.10,-0.34,-0.15,0.21,0.36,-0.16,0.48,-0.15,0.16,-0.43,,0.45,0.20,,
1,2,female,24,0,2,14.5,S,0,0,1,1,0,0.30,1.16,1,2,0,,-0.10,-0.34,-0.15,0.21,0.36,-0.16,0.48,-0.15,0.16,-0.43,,0.74,0.07,,
1,1,male,37,1,1,52.5542,S,1,1,0,1,0,0.46,1.72,1,1,1,,-0.10,-0.34,-0.15,0.21,0.36,-0.16,0.48,-0.15,0.16,-0.43,,0.11,0.79,,
0,2,male,54,1,0,26,S,1,0,1,1,0,0.68,1.41,1,0,1,,-0.10,-0.34,-0.15,0.21,0.36,-0.16,0.48,-0.15,0.16,-0.43,,-0.03,0.00,,
0,3,female,29,1,1,10.4625,S,0,0,0,1,0,0.36,1.02,1,1,1,,-0.10,-0.34,-0.15,0.21,0.36,-0.16,0.48,-0.15,0.16,-0.43,,0.23,0.05,,
0,1,male,62,0,0,26.55,S,1,1,0,1,0,0.78,1.42,1,0,0,,-0.10,-0.34,-0.15,0.21,0.36,-0.16,0.48,-0.15,0.16,-0.43,,0.19,0.04,,
0,3,male,30,1,0,16.1,S,1,0,0,1,0,0.38,1.21,1,0,1,,-0.10,-0.34,-0.15,0.21,0.36,-0.16,0.48,-0.15,0.16,-0.43,,0.06,0.00,,
0,3,female,41,0,2,20.2125,S,0,0,0,1,0,0.51,1.31,1,2,0,,-0.10,-0.34,-0.15,0.21,0.36,-0.16,0.48,-0.15,0.16,-0.43,,0.93,0.86,,
1,3,female,29,0,2,15.2458,C,0,0,0,0,1,0.36,1.18,1,2,0,,-0.10,-0.34,-0.15,0.21,0.36,-0.16,0.48,-0.15,0.16,-0.43,,1.04,0.00,,
1,1,female,30,0,0,86.5,S,0,1,0,1,0,0.38,1.94,1,0,0,,-0.10,-0.34,-0.15,0.21,0.36,-0.16,0.48,-0.15,0.16,-0.43,,0.60,0.16,,
1,1,female,35,0,0,512.3292,C,0,1,0,0,1,0.44,2.71,1,0,0,,-0.10,-0.34,-0.15,0.21,0.36,-0.16,0.48,-0.15,0.16,-0.43,,1.11,0.01,,
1,2,female,50,0,1,26,S,0,0,1,1,0,0.63,1.41,1,1,0,,-0.10,-0.34,-0.15,0.21,0.36,-0.16,0.48,-0.15,0.16,-0.43,,0.66,0.12,,
1,3,male,3,4,2,31.3875,S,1,0,0,1,0,0.04,1.50,1,2,4,,-0.10,-0.34,-0.15,0.21,0.36,-0.16,0.48,-0.15,0.16,-0.43,,-0.72,2.95,,
0,1,male,52,1,1,79.65,S,1,1,0,1,0,0.65,1.90,1,1,1,,-0.10,-0.34,-0.15,0.21,0.36,-0.16,0.48,-0.15,0.16,-0.43,,0.17,0.03,,
0,2,male,36,0,0,10.5,S,1,0,1,1,0,0.45,1.02,1,0,0,,-0.10,-0.34,-0.15,0.21,0.36,-0.16,0.48,-0.15,0.16,-0.43,,0.24,0.06,,
0,3,male,16,4,1,39.6875,S,1,0,0,1,0,0.20,1.60,1,1,4,,-0.10,-0.34,-0.15,0.21,0.36,-0.16,0.48,-0.15,0.16,-0.43,,-0.85,0.72,,
1,3,male,25,1,0,7.775,S,1,0,0,1,0,0.31,0.89,1,0,1,,-0.10,-0.34,-0.15,0.21,0.36,-0.16,0.48,-0.15,0.16,-0.43,,-0.08,1.17,,
1,1,female,58,0,1,153.4625,S,0,1,0,1,0,0.73,2.19,1,1,0,,-0.10,-0.34,-0.15,0.21,0.36,-0.16,0.48,-0.15,0.16,-0.43,,0.82,0.03,,
1,1,female,35,0,0,135.6333,S,0,1,0,1,0,0.44,2.13,1,0,0,,-0.10,-0.34,-0.15,0.21,0.36,-0.16,0.48,-0.15,0.16,-0.43,,0.68,0.10,,
1,2,female,41,0,1,19.5,S,0,0,1,1,0,0.51,1.29,1,1,0,,-0.10,-0.34,-0.15,0.21,0.36,-0.16,0.48,-0.15,0.16,-0.43,,0.61,0.15,,
0,1,male,37,0,1,29.7,C,1,1,0,0,1,0.46,1.47,1,1,0,,-0.10,-0.34,-0.15,0.21,0.36,-0.16,0.48,-0.15,0.16,-0.43,,0.57,0.32,,
1,1,female,63,1,0,77.9583,S,0,1,0,1,0,0.79,1.89,1,0,1,,-0.10,-0.34,-0.15,0.21,0.36,-0.16,0.48,-0.15,0.16,-0.43,,0.08,0.84,,
0,3,female,45,0,0,7.75,S,0,0,0,1,0,0.56,0.89,1,0,0,,-0.10,-0.34,-0.15,0.21,0.36,-0.16,0.48,-0.15,0.16,-0.43,,0.41,0.17,,
0,3,male,7,4,1,29.125,Q,1,0,0,0,0,0.09,1.46,1,1,4,,-0.10,-0.34,-0.15,0.21,0.36,-0.16,0.48,-0.15,0.16,-0.43,,-1.11,1.23,,
1,3,female,35,1,1,20.25,S,0,0,0,1,0,0.44,1.31,1,1,1,,-0.10,-0.34,-0.15,0.21,0.36,-0.16,0.48,-0.15,0.16,-0.43,,0.36,0.42,,
0,3,male,65,0,0,7.75,Q,1,0,0,0,0,0.81,0.89,1,0,0,,-0.10,-0.34,-0.15,0.21,0.36,-0.16,0.48,-0.15,0.16,-0.43,,0.06,0.00,,
0,3,male,28,0,0,7.8542,S,1,0,0,1,0,0.35,0.90,1,0,0,,-0.10,-0.34,-0.15,0.21,0.36,-0.16,0.48,-0.15,0.16,-0.43,,0.34,0.12,,
0,3,male,16,0,0,9.5,S,1,0,0,1,0,0.20,0.98,1,0,0,,-0.10,-0.34,-0.15,0.21,0.36,-0.16,0.48,-0.15,0.16,-0.43,,0.41,0.17,,
1,3,male,19,0,0,8.05,S,1,0,0,1,0,0.24,0.91,1,0,0,,-0.10,-0.34,-0.15,0.21,0.36,-0.16,0.48,-0.15,0.16,-0.43,,0.37,0.40,,
0,3,male,33,0,0,8.6625,C,1,0,0,0,1,0.41,0.94,1,0,0,,-0.10,-0.34,-0.15,0.21,0.36,-0.16,0.48,-0.15,0.16,-0.43,,0.50,0.25,,
1,3,male,30,0,0,9.5,S,1,0,0,1,0,0.38,0.98,1,0,0,,-0.10,-0.34,-0.15,0.21,0.36,-0.16,0.48,-0.15,0.16,-0.43,,0.38,0.39,,
0,3,male,22,0,0,7.8958,S,1,0,0,1,0,0.28,0.90,1,0,0,,-0.10,-0.34,-0.15,0.21,0.36,-0.16,0.48,-0.15,0.16,-0.43,,0.36,0.13,,
1,2,male,42,0,0,13,S,1,0,1,1,0,0.53,1.11,1,0,0,,-0.10,-0.34,-0.15,0.21,0.36,-0.16,0.48,-0.15,0.16,-0.43,,0.27,0.53,,
1,3,female,22,0,0,7.75,Q,0,0,0,0,0,0.28,0.89,1,0,0,,-0.10,-0.34,-0.15,0.21,0.36,-0.16,0.48,-0.15,0.16,-0.43,,0.24,0.58,,
1,1,female,26,0,0,78.85,S,0,1,0,1,0,0.33,1.90,1,0,0,,-0.10,-0.34,-0.15,0.21,0.36,-0.16,0.48,-0.15,0.16,-0.43,,0.59,0.17,,
1,1,female,19,1,0,91.0792,C,0,1,0,0,1,0.24,1.96,1,0,1,,-0.10,-0.34,-0.15,0.21,0.36,-0.16,0.48,-0.15,0.16,-0.43,,0.35,0.42,,
0,2,male,36,0,0,12.875,C,1,0,1,0,1,0.45,1.11,1,0,0,,-0.10,-0.34,-0.15,0.21,0.36,-0.16,0.48,-0.15,0.16,-0.43,,0.43,0.18,,
0,3,female,24,0,0,8.85,S,0,0,0,1,0,0.30,0.95,1,0,0,,-0.10,-0.34,-0.15,0.21,0.36,-0.16,0.48,-0.15,0.16,-0.43,,0.48,0.23,,
0,3,male,24,0,0,7.8958,S,1,0,0,1,0,0.30,0.90,1,0,0,,-0.10,-0.34,-0.15,0.21,0.36,-0.16,0.48,-0.15,0.16,-0.43,,0.35,0.12,,
0,3,male,23.5,0,0,7.2292,C,1,0,0,0,1,0.29,0.86,1,0,0,,-0.10,-0.34,-0.15,0.21,0.36,-0.16,0.48,-0.15,0.16,-0.43,,0.48,0.23,,
0,1,female,2,1,2,151.55,S,0,1,0,1,0,0.03,2.18,1,2,1,,-0.10,-0.34,-0.15,0.21,0.36,-0.16,0.48,-0.15,0.16,-0.43,,0.65,0.43,,
1,1,female,50,0,1,247.5208,C,0,1,0,0,1,0.63,2.39,1,1,0,,-0.10,-0.34,-0.15,0.21,0.36,-0.16,0.48,-0.15,0.16,-0.43,,1.08,0.01,,
1,1,male,0.92,1,2,151.55,S,1,1,0,1,0,0.01,2.18,1,2,1,,-0.10,-0.34,-0.15,0.21,0.36,-0.16,0.48,-0.15,0.16,-0.43,,0.56,0.20,,
1,1,female,17,1,0,108.9,C,0,1,0,0,1,0.21,2.04,1,0,1,,-0.10,-0.34,-0.15,0.21,0.36,-0.16,0.48,-0.15,0.16,-0.43,,0.39,0.37,,
0,2,male,30,1,0,24,C,1,0,1,0,1,0.38,1.38,1,0,1,,-0.10,-0.34,-0.15,0.21,0.36,-0.16,0.48,-0.15,0.16,-0.43,,0.14,0.02,,
1,1,female,30,0,0,56.9292,C,0,1,0,0,1,0.38,1.76,1,0,0,,-0.10,-0.34,-0.15,0.21,0.36,-0.16,0.48,-0.15,0.16,-0.43,,0.66,0.12,,
1,1,female,24,0,0,83.1583,C,0,1,0,0,1,0.30,1.92,1,0,0,,-0.10,-0.34,-0.15,0.21,0.36,-0.16,0.48,-0.15,0.16,-0.43,,0.75,0.06,,
1,1,female,18,2,2,262.375,C,0,1,0,0,1,0.23,2.42,1,2,2,,-0.10,-0.34,-0.15,0.21,0.36,-0.16,0.48,-0.15,0.16,-0.43,,0.46,0.29,,
0,2,female,26,1,1,26,S,0,0,1,1,0,0.33,1.41,1,1,1,,-0.10,-0.34,-0.15,0.21,0.36,-0.16,0.48,-0.15,0.16,-0.43,,0.27,0.08,,
0,3,male,28,0,0,7.8958,S,1,0,0,1,0,0.35,0.90,1,0,0,,-0.10,-0.34,-0.15,0.21,0.36,-0.16,0.48,-0.15,0.16,-0.43,,0.34,0.12,,
0,2,male,43,1,1,26.25,S,1,0,1,1,0,0.54,1.42,1,1,1,,-0.10,-0.34,-0.15,0.21,0.36,-0.16,0.48,-0.15,0.16,-0.43,,0.14,0.02,,
1,3,female,26,0,0,7.8542,S,0,0,0,1,0,0.33,0.90,1,0,0,,-0.10,-0.34,-0.15,0.21,0.36,-0.16,0.48,-0.15,0.16,-0.43,,0.45,0.31,,
1,2,female,24,1,0,26,S,0,0,1,1,0,0.30,1.41,1,0,1,,-0.10,-0.34,-0.15,0.21,0.36,-0.16,0.48,-0.15,0.16,-0.43,,0.12,0.77,,
0,2,male,54,0,0,14,S,1,0,1,1,0,0.68,1.15,1,0,0,,-0.10,-0.34,-0.15,0.21,0.36,-0.16,0.48,-0.15,0.16,-0.43,,0.26,0.07,,
1,1,female,31,0,2,164.8667,S,0,1,0,1,0,0.39,2.22,1,2,0,,-0.10,-0.34,-0.15,0.21,0.36,-0.16,0.48,-0.15,0.16,-0.43,,1.04,0.00,,
1,1,female,40,1,1,134.5,C,0,1,0,0,1,0.50,2.13,1,1,1,,-0.10,-0.34,-0.15,0.21,0.36,-0.16,0.48,-0.15,0.16,-0.43,,0.55,0.20,,
0,3,male,22,0,0,7.25,S,1,0,0,1,0,0.28,0.86,1,0,0,,-0.10,-0.34,-0.15,0.21,0.36,-0.16,0.48,-0.15,0.16,-0.43,,0.34,0.11,,
0,3,male,27,0,0,7.8958,S,1,0,0,1,0,0.34,0.90,1,0,0,,-0.10,-0.34,-0.15,0.21,0.36,-0.16,0.48,-0.15,0.16,-0.43,,0.35,0.12,,
1,2,female,30,0,0,12.35,Q,0,0,1,0,0,0.38,1.09,1,0,0,,-0.10,-0.34,-0.15,0.21,0.36,-0.16,0.48,-0.15,0.16,-0.43,,0.17,0.69,,
1,2,female,22,1,1,29,S,0,0,1,1,0,0.28,1.46,1,1,1,,-0.10,-0.34,-0.15,0.21,0.36,-0.16,0.48,-0.15,0.16,-0.43,,0.30,0.48,,
1,1,female,36,0,0,135.6333,C,0,1,0,0,1,0.45,2.13,1,0,0,,-0.10,-0.34,-0.15,0.21,0.36,-0.16,0.48,-0.15,0.16,-0.43,,0.83,0.03,,
0,3,male,61,0,0,6.2375,S,1,0,0,1,0,0.76,0.80,1,0,0,,-0.10,-0.34,-0.15,0.21,0.36,-0.16,0.48,-0.15,0.16,-0.43,,0.23,0.05,,
1,2,female,36,0,0,13,S,0,0,1,1,0,0.45,1.11,1,0,0,,-0.10,-0.34,-0.15,0.21,0.36,-0.16,0.48,-0.15,0.16,-0.43,,0.38,0.38,,
1,3,female,31,1,1,20.525,S,0,0,0,1,0,0.39,1.31,1,1,1,,-0.10,-0.34,-0.15,0.21,0.36,-0.16,0.48,-0.15,0.16,-0.43,,0.37,0.40,,
1,1,female,16,0,1,57.9792,C,0,1,0,0,1,0.20,1.76,1,1,0,,-0.10,-0.34,-0.15,0.21,0.36,-0.16,0.48,-0.15,0.16,-0.43,,0.85,0.02,,
0,1,male,45.5,0,0,28.5,S,1,1,0,1,0,0.57,1.45,1,0,0,,-0.10,-0.34,-0.15,0.21,0.36,-0.16,0.48,-0.15,0.16,-0.43,,0.24,0.06,,
0,1,male,38,0,1,153.4625,S,1,1,0,1,0,0.48,2.19,1,1,0,,-0.10,-0.34,-0.15,0.21,0.36,-0.16,0.48,-0.15,0.16,-0.43,,0.76,0.58,,
0,3,male,16,2,0,18,S,1,0,0,1,0,0.20,1.26,1,0,2,,-0.10,-0.34,-0.15,0.21,0.36,-0.16,0.48,-0.15,0.16,-0.43,,-0.31,0.10,,
0,1,male,29,1,0,66.6,S,1,1,0,1,0,0.36,1.82,1,0,1,,-0.10,-0.34,-0.15,0.21,0.36,-0.16,0.48,-0.15,0.16,-0.43,,0.02,0.00,,
1,1,female,41,0,0,134.5,C,0,1,0,0,1,0.51,2.13,1,0,0,,-0.10,-0.34,-0.15,0.21,0.36,-0.16,0.48,-0.15,0.16,-0.43,,0.82,0.03,,
1,3,male,45,0,0,8.05,S,1,0,0,1,0,0.56,0.91,1,0,0,,-0.10,-0.34,-0.15,0.21,0.36,-0.16,0.48,-0.15,0.16,-0.43,,0.32,0.47,,
0,1,male,45,0,0,35.5,S,1,1,0,1,0,0.56,1.55,1,0,0,,-0.10,-0.34,-0.15,0.21,0.36,-0.16,0.48,-0.15,0.16,-0.43,,0.28,0.08,,
1,2,male,2,1,1,26,S,1,0,1,1,0,0.03,1.41,1,1,1,,-0.10,-0.34,-0.15,0.21,0.36,-0.16,0.48,-0.15,0.16,-0.43,,0.22,0.61,,
1,1,female,24,3,2,263,S,0,1,0,1,0,0.30,2.42,1,2,3,,-0.10,-0.34,-0.15,0.21,0.36,-0.16,0.48,-0.15,0.16,-0.43,,-0.13,1.28,,
0,2,male,28,0,0,13,S,1,0,1,1,0,0.35,1.11,1,0,0,,-0.10,-0.34,-0.15,0.21,0.36,-0.16,0.48,-0.15,0.16,-0.43,,0.30,0.09,,
0,2,male,25,0,0,13,S,1,0,1,1,0,0.31,1.11,1,0,0,,-0.10,-0.34,-0.15,0.21,0.36,-0.16,0.48,-0.15,0.16,-0.43,,0.30,0.09,,
0,2,male,36,0,0,13,S,1,0,1,1,0,0.45,1.11,1,0,0,,-0.10,-0.34,-0.15,0.21,0.36,-0.16,0.48,-0.15,0.16,-0.43,,0.28,0.08,,
1,2,female,24,0,0,13,S,0,0,1,1,0,0.30,1.11,1,0,0,,-0.10,-0.34,-0.15,0.21,0.36,-0.16,0.48,-0.15,0.16,-0.43,,0.41,0.35,,
1,2,female,40,0,0,13,S,0,0,1,1,0,0.50,1.11,1,0,0,,-0.10,-0.34,-0.15,0.21,0.36,-0.16,0.48,-0.15,0.16,-0.43,,0.37,0.39,,
1,3,male,3,1,1,15.9,S,1,0,0,1,0,0.04,1.20,1,1,1,,-0.10,-0.34,-0.15,0.21,0.36,-0.16,0.48,-0.15,0.16,-0.43,,0.27,0.54,,
0,3,male,42,0,0,8.6625,S,1,0,0,1,0,0.53,0.94,1,0,0,,-0.10,-0.34,-0.15,0.21,0.36,-0.16,0.48,-0.15,0.16,-0.43,,0.34,0.11,,
0,3,male,23,0,0,9.225,S,1,0,0,1,0,0.29,0.96,1,0,0,,-0.10,-0.34,-0.15,0.21,0.36,-0.16,0.48,-0.15,0.16,-0.43,,0.39,0.15,,
0,3,male,15,1,1,7.2292,C,1,0,0,0,1,0.19,0.86,1,1,1,,-0.10,-0.34,-0.15,0.21,0.36,-0.16,0.48,-0.15,0.16,-0.43,,0.23,0.05,,
0,3,male,25,1,0,17.8,S,1,0,0,1,0,0.31,1.25,1,0,1,,-0.10,-0.34,-0.15,0.21,0.36,-0.16,0.48,-0.15,0.16,-0.43,,0.09,0.01,,
0,3,male,28,0,0,9.5,S,1,0,0,1,0,0.35,0.98,1,0,0,,-0.10,-0.34,-0.15,0.21,0.36,-0.16,0.48,-0.15,0.16,-0.43,,0.38,0.15,,
1,1,female,22,0,1,55,S,0,1,0,1,0,0.28,1.74,1,1,0,,-0.10,-0.34,-0.15,0.21,0.36,-0.16,0.48,-0.15,0.16,-0.43,,0.67,0.11,,
0,2,female,38,0,0,13,S,0,0,1,1,0,0.48,1.11,1,0,0,,-0.10,-0.34,-0.15,0.21,0.36,-0.16,0.48,-0.15,0.16,-0.43,,0.38,0.14,,
0,3,male,40,1,4,27.9,S,1,0,0,1,0,0.50,1.45,1,4,1,,-0.10,-0.34,-0.15,0.21,0.36,-0.16,0.48,-0.15,0.16,-0.43,,0.78,0.61,,
0,2,male,29,1,0,27.7208,C,1,0,1,0,1,0.36,1.44,1,0,1,,-0.10,-0.34,-0.15,0.21,0.36,-0.16,0.48,-0.15,0.16,-0.43,,0.18,0.03,,
0,3,female,45,0,1,14.4542,C,0,0,0,0,1,0.56,1.16,1,1,0,,-0.10,-0.34,-0.15,0.21,0.36,-0.16,0.48,-0.15,0.16,-0.43,,0.84,0.71,,
0,3,male,35,0,0,7.05,S,1,0,0,1,0,0.44,0.85,1,0,0,,-0.10,-0.34,-0.15,0.21,0.36,-0.16,0.48,-0.15,0.16,-0.43,,0.31,0.09,,
0,3,male,30,0,0,7.25,S,1,0,0,1,0,0.38,0.86,1,0,0,,-0.10,-0.34,-0.15,0.21,0.36,-0.16,0.48,-0.15,0.16,-0.43,,0.32,0.10,,
1,1,female,60,1,0,75.25,C,0,1,0,0,1,0.75,1.88,1,0,1,,-0.10,-0.34,-0.15,0.21,0.36,-0.16,0.48,-0.15,0.16,-0.43,,0.23,0.59,,
1,1,female,24,0,0,69.3,C,0,1,0,0,1,0.30,1.84,1,0,0,,-0.10,-0.34,-0.15,0.21,0.36,-0.16,0.48,-0.15,0.16,-0.43,,0.71,0.08,,
1,1,male,25,1,0,55.4417,C,1,1,0,0,1,0.31,1.74,1,0,1,,-0.10,-0.34,-0.15,0.21,0.36,-0.16,0.48,-0.15,0.16,-0.43,,0.14,0.75,,
0,3,male,18,1,0,6.4958,S,1,0,0,1,0,0.23,0.81,1,0,1,,-0.10,-0.34,-0.15,0.21,0.36,-0.16,0.48,-0.15,0.16,-0.43,,-0.10,0.01,,
0,3,male,19,0,0,8.05,S,1,0,0,1,0,0.24,0.91,1,0,0,,-0.10,-0.34,-0.15,0.21,0.36,-0.16,0.48,-0.15,0.16,-0.43,,0.37,0.13,,
0,1,male,22,0,0,135.6333,C,1,1,0,0,1,0.28,2.13,1,0,0,,-0.10,-0.34,-0.15,0.21,0.36,-0.16,0.48,-0.15,0.16,-0.43,,0.76,0.57,,
0,3,female,3,3,1,21.075,S,0,0,0,1,0,0.04,1.32,1,1,3,,-0.10,-0.34,-0.15,0.21,0.36,-0.16,0.48,-0.15,0.16,-0.43,,-0.43,0.18,,
1,3,female,22,0,0,7.25,S,0,0,0,1,0,0.28,0.86,1,0,0,,-0.10,-0.34,-0.15,0.21,0.36,-0.16,0.48,-0.15,0.16,-0.43,,0.44,0.32,,
0,1,male,27,0,2,211.5,C,1,1,0,0,1,0.34,2.33,1,2,0,,-0.10,-0.34,-0.15,0.21,0.36,-0.16,0.48,-0.15,0.16,-0.43,,1.15,1.32,,
0,3,male,20,0,0,4.0125,C,1,0,0,0,1,0.25,0.60,1,0,0,,-0.10,-0.34,-0.15,0.21,0.36,-0.16,0.48,-0.15,0.16,-0.43,,0.37,0.13,,
0,3,male,19,0,0,7.775,S,1,0,0,1,0,0.24,0.89,1,0,0,,-0.10,-0.34,-0.15,0.21,0.36,-0.16,0.48,-0.15,0.16,-0.43,,0.36,0.13,,
1,1,female,42,0,0,227.525,C,0,1,0,0,1,0.53,2.36,1,0,0,,-0.10,-0.34,-0.15,0.21,0.36,-0.16,0.48,-0.15,0.16,-0.43,,0.93,0.01,,
1,3,female,1,0,2,15.7417,C,0,0,0,0,1,0.01,1.20,1,2,0,,-0.10,-0.34,-0.15,0.21,0.36,-0.16,0.48,-0.15,0.16,-0.43,,1.10,0.01,,
0,3,male,32,0,0,7.925,S,1,0,0,1,0,0.40,0.90,1,0,0,,-0.10,-0.34,-0.15,0.21,0.36,-0.16,0.48,-0.15,0.16,-0.43,,0.34,0.11,,
1,1,female,35,1,0,52,S,0,1,0,1,0,0.44,1.72,1,0,1,,-0.10,-0.34,-0.15,0.21,0.36,-0.16,0.48,-0.15,0.16,-0.43,,0.05,0.89,,
0,2,male,18,0,0,73.5,S,1,0,1,1,0,0.23,1.87,1,0,0,,-0.10,-0.34,-0.15,0.21,0.36,-0.16,0.48,-0.15,0.16,-0.43,,0.68,0.46,,
0,3,male,1,5,2,46.9,S,1,0,0,1,0,0.01,1.67,1,2,5,,-0.10,-0.34,-0.15,0.21,0.36,-0.16,0.48,-0.15,0.16,-0.43,,-1.06,1.12,,
1,2,female,36,0,0,13,S,0,0,1,1,0,0.45,1.11,1,0,0,,-0.10,-0.34,-0.15,0.21,0.36,-0.16,0.48,-0.15,0.16,-0.43,,0.38,0.38,,
1,2,female,17,0,0,12,C,0,0,1,0,1,0.21,1.08,1,0,0,,-0.10,-0.34,-0.15,0.21,0.36,-0.16,0.48,-0.15,0.16,-0.43,,0.55,0.20,,
1,1,male,36,1,2,120,S,1,1,0,1,0,0.45,2.08,1,2,1,,-0.10,-0.34,-0.15,0.21,0.36,-0.16,0.48,-0.15,0.16,-0.43,,0.44,0.32,,
1,3,male,21,0,0,7.7958,S,1,0,0,1,0,0.26,0.89,1,0,0,,-0.10,-0.34,-0.15,0.21,0.36,-0.16,0.48,-0.15,0.16,-0.43,,0.36,0.42,,
0,3,male,28,2,0,7.925,S,1,0,0,1,0,0.35,0.90,1,0,2,,-0.10,-0.34,-0.15,0.21,0.36,-0.16,0.48,-0.15,0.16,-0.43,,-0.51,0.26,,
1,1,female,23,1,0,113.275,C,0,1,0,0,1,0.29,2.05,1,0,1,,-0.10,-0.34,-0.15,0.21,0.36,-0.16,0.48,-0.15,0.16,-0.43,,0.39,0.37,,
1,3,female,24,0,2,16.7,S,0,0,0,1,0,0.30,1.22,1,2,0,,-0.10,-0.34,-0.15,0.21,0.36,-0.16,0.48,-0.15,0.16,-0.43,,0.92,0.01,,
0,3,male,22,0,0,7.7958,S,1,0,0,1,0,0.28,0.89,1,0,0,,-0.10,-0.34,-0.15,0.21,0.36,-0.16,0.48,-0.15,0.16,-0.43,,0.35,0.12,,
0,3,female,31,0,0,7.8542,S,0,0,0,1,0,0.39,0.90,1,0,0,,-0.10,-0.34,-0.15,0.21,0.36,-0.16,0.48,-0.15,0.16,-0.43,,0.44,0.19,,
0,2,male,46,0,0,26,S,1,0,1,1,0,0.58,1.41,1,0,0,,-0.10,-0.34,-0.15,0.21,0.36,-0.16,0.48,-0.15,0.16,-0.43,,0.41,0.17,,
0,2,male,23,0,0,10.5,S,1,0,1,1,0,0.29,1.02,1,0,0,,-0.10,-0.34,-0.15,0.21,0.36,-0.16,0.48,-0.15,0.16,-0.43,,0.26,0.07,,
1,2,female,28,0,0,12.65,S,0,0,1,1,0,0.35,1.10,1,0,0,,-0.10,-0.34,-0.15,0.21,0.36,-0.16,0.48,-0.15,0.16,-0.43,,0.39,0.37,,
1,3,male,39,0,0,7.925,S,1,0,0,1,0,0.49,0.90,1,0,0,,-0.10,-0.34,-0.15,0.21,0.36,-0.16,0.48,-0.15,0.16,-0.43,,0.32,0.46,,
0,3,male,26,0,0,8.05,S,1,0,0,1,0,0.33,0.91,1,0,0,,-0.10,-0.34,-0.15,0.21,0.36,-0.16,0.48,-0.15,0.16,-0.43,,0.35,0.12,,
0,3,female,21,1,0,9.825,S,0,0,0,1,0,0.26,0.99,1,0,1,,-0.10,-0.34,-0.15,0.21,0.36,-0.16,0.48,-0.15,0.16,-0.43,,0.08,0.01,,
0,3,male,28,1,0,15.85,S,1,0,0,1,0,0.35,1.20,1,0,1,,-0.10,-0.34,-0.15,0.21,0.36,-0.16,0.48,-0.15,0.16,-0.43,,0.06,0.00,,
0,3,female,20,0,0,8.6625,S,0,0,0,1,0,0.25,0.94,1,0,0,,-0.10,-0.34,-0.15,0.21,0.36,-0.16,0.48,-0.15,0.16,-0.43,,0.48,0.23,,
0,2,male,34,1,0,21,S,1,0,1,1,0,0.43,1.32,1,0,1,,-0.10,-0.34,-0.15,0.21,0.36,-0.16,0.48,-0.15,0.16,-0.43,,-0.04,0.00,,
0,3,male,51,0,0,7.75,S,1,0,0,1,0,0.64,0.89,1,0,0,,-0.10,-0.34,-0.15,0.21,0.36,-0.16,0.48,-0.15,0.16,-0.43,,0.30,0.09,,
1,2,male,3,1,1,18.75,S,1,0,1,1,0,0.04,1.27,1,1,1,,-0.10,-0.34,-0.15,0.21,0.36,-0.16,0.48,-0.15,0.16,-0.43,,0.15,0.72,,
0,3,male,21,0,0,7.775,S,1,0,0,1,0,0.26,0.89,1,0,0,,-0.10,-0.34,-0.15,0.21,0.36,-0.16,0.48,-0.15,0.16,-0.43,,0.35,0.13,,
1,1,female,33,1,0,90,Q,0,1,0,0,0,0.41,1.95,1,0,1,,-0.10,-0.34,-0.15,0.21,0.36,-0.16,0.48,-0.15,0.16,-0.43,,-0.04,1.08,,
1,3,male,44,0,0,7.925,S,1,0,0,1,0,0.55,0.90,1,0,0,,-0.10,-0.34,-0.15,0.21,0.36,-0.16,0.48,-0.15,0.16,-0.43,,0.31,0.47,,
1,2,female,34,1,1,32.5,S,0,0,1,1,0,0.43,1.51,1,1,1,,-0.10,-0.34,-0.15,0.21,0.36,-0.16,0.48,-0.15,0.16,-0.43,,0.31,0.48,,
1,2,female,18,0,2,13,S,0,0,1,1,0,0.23,1.11,1,2,0,,-0.10,-0.34,-0.15,0.21,0.36,-0.16,0.48,-0.15,0.16,-0.43,,0.73,0.07,,
0,2,male,30,0,0,13,S,1,0,1,1,0,0.38,1.11,1,0,0,,-0.10,-0.34,-0.15,0.21,0.36,-0.16,0.48,-0.15,0.16,-0.43,,0.29,0.09,,
0,3,female,10,0,2,24.15,S,0,0,0,1,0,0.13,1.38,1,2,0,,-0.10,-0.34,-0.15,0.21,0.36,-0.16,0.48,-0.15,0.16,-0.43,,1.02,1.05,,
0,3,male,21,0,0,7.7333,Q,1,0,0,0,0,0.26,0.89,1,0,0,,-0.10,-0.34,-0.15,0.21,0.36,-0.16,0.48,-0.15,0.16,-0.43,,0.14,0.02,,
0,3,male,29,0,0,7.875,S,1,0,0,1,0,0.36,0.90,1,0,0,,-0.10,-0.34,-0.15,0.21,0.36,-0.16,0.48,-0.15,0.16,-0.43,,0.34,0.12,,
0,3,female,28,1,1,14.4,S,0,0,0,1,0,0.35,1.16,1,1,1,,-0.10,-0.34,-0.15,0.21,0.36,-0.16,0.48,-0.15,0.16,-0.43,,0.30,0.09,,
0,3,male,18,1,1,20.2125,S,1,0,0,1,0,0.23,1.31,1,1,1,,-0.10,-0.34,-0.15,0.21,0.36,-0.16,0.48,-0.15,0.16,-0.43,,0.29,0.08,,
1,2,female,28,1,0,26,S,0,0,1,1,0,0.35,1.41,1,0,1,,-0.10,-0.34,-0.15,0.21,0.36,-0.16,0.48,-0.15,0.16,-0.43,,0.12,0.78,,
1,2,female,19,0,0,26,S,0,0,1,1,0,0.24,1.41,1,0,0,,-0.10,-0.34,-0.15,0.21,0.36,-0.16,0.48,-0.15,0.16,-0.43,,0.56,0.19,,
1,3,male,32,0,0,8.05,S,1,0,0,1,0,0.40,0.91,1,0,0,,-0.10,-0.34,-0.15,0.21,0.36,-0.16,0.48,-0.15,0.16,-0.43,,0.34,0.43,,
1,1,male,28,0,0,26.55,S,1,1,0,1,0,0.35,1.42,1,0,0,,-0.10,-0.34,-0.15,0.21,0.36,-0.16,0.48,-0.15,0.16,-0.43,,0.26,0.55,,
1,2,female,42,1,0,26,S,0,0,1,1,0,0.53,1.41,1,0,1,,-0.10,-0.34,-0.15,0.21,0.36,-0.16,0.48,-0.15,0.16,-0.43,,0.09,0.83,,
0,3,male,17,0,0,7.125,S,1,0,0,1,0,0.21,0.85,1,0,0,,-0.10,-0.34,-0.15,0.21,0.36,-0.16,0.48,-0.15,0.16,-0.43,,0.34,0.12,,
0,1,male,50,1,0,55.9,S,1,1,0,1,0,0.63,1.75,1,0,1,,-0.10,-0.34,-0.15,0.21,0.36,-0.16,0.48,-0.15,0.16,-0.43,,-0.06,0.00,,
1,1,female,14,1,2,120,S,0,1,0,1,0,0.18,2.08,1,2,1,,-0.10,-0.34,-0.15,0.21,0.36,-0.16,0.48,-0.15,0.16,-0.43,,0.58,0.18,,
0,3,female,21,2,2,34.375,S,0,0,0,1,0,0.26,1.54,1,2,2,,-0.10,-0.34,-0.15,0.21,0.36,-0.16,0.48,-0.15,0.16,-0.43,,0.22,0.05,,
1,2,female,24,2,3,18.75,S,0,0,1,1,0,0.30,1.27,1,3,2,,-0.10,-0.34,-0.15,0.21,0.36,-0.16,0.48,-0.15,0.16,-0.43,,0.09,0.82,,
0,1,male,64,1,4,263,S,1,1,0,1,0,0.80,2.42,1,4,1,,-0.10,-0.34,-0.15,0.21,0.36,-0.16,0.48,-0.15,0.16,-0.43,,0.86,0.74,,
0,2,male,31,0,0,10.5,S,1,0,1,1,0,0.39,1.02,1,0,0,,-0.10,-0.34,-0.15,0.21,0.36,-0.16,0.48,-0.15,0.16,-0.43,,0.25,0.06,,
1,2,female,45,1,1,26.25,S,0,0,1,1,0,0.56,1.42,1,1,1,,-0.10,-0.34,-0.15,0.21,0.36,-0.16,0.48,-0.15,0.16,-0.43,,0.24,0.58,,
0,3,male,20,0,0,9.5,S,1,0,0,1,0,0.25,0.98,1,0,0,,-0.10,-0.34,-0.15,0.21,0.36,-0.16,0.48,-0.15,0.16,-0.43,,0.40,0.16,,
0,3,male,25,1,0,7.775,S,1,0,0,1,0,0.31,0.89,1,0,1,,-0.10,-0.34,-0.15,0.21,0.36,-0.16,0.48,-0.15,0.16,-0.43,,-0.08,0.01,,
1,2,female,28,0,0,13,S,0,0,1,1,0,0.35,1.11,1,0,0,,-0.10,-0.34,-0.15,0.21,0.36,-0.16,0.48,-0.15,0.16,-0.43,,0.40,0.36,,
1,1,male,4,0,2,81.8583,S,1,1,0,1,0,0.05,1.91,1,2,0,,-0.10,-0.34,-0.15,0.21,0.36,-0.16,0.48,-0.15,0.16,-0.43,,0.85,0.02,,
1,2,female,13,0,1,19.5,S,0,0,1,1,0,0.16,1.29,1,1,0,,-0.10,-0.34,-0.15,0.21,0.36,-0.16,0.48,-0.15,0.16,-0.43,,0.67,0.11,,
1,1,male,34,0,0,26.55,S,1,1,0,1,0,0.43,1.42,1,0,0,,-0.10,-0.34,-0.15,0.21,0.36,-0.16,0.48,-0.15,0.16,-0.43,,0.24,0.57,,
1,3,female,5,2,1,19.2583,C,0,0,0,0,1,0.06,1.28,1,1,2,,-0.10,-0.34,-0.15,0.21,0.36,-0.16,0.48,-0.15,0.16,-0.43,,0.12,0.77,,
1,1,male,52,0,0,30.5,S,1,1,0,1,0,0.65,1.48,1,0,0,,-0.10,-0.34,-0.15,0.21,0.36,-0.16,0.48,-0.15,0.16,-0.43,,0.24,0.58,,
0,2,male,36,1,2,27.75,S,1,0,1,1,0,0.45,1.44,1,2,1,,-0.10,-0.34,-0.15,0.21,0.36,-0.16,0.48,-0.15,0.16,-0.43,,0.32,0.11,,
0,1,male,30,0,0,27.75,C,1,1,0,0,1,0.38,1.44,1,0,0,,-0.10,-0.34,-0.15,0.21,0.36,-0.16,0.48,-0.15,0.16,-0.43,,0.41,0.17,,
1,1,male,49,1,0,89.1042,C,1,1,0,0,1,0.61,1.95,1,0,1,,-0.10,-0.34,-0.15,0.21,0.36,-0.16,0.48,-0.15,0.16,-0.43,,0.19,0.66,,
1,3,male,29,0,0,7.8958,C,1,0,0,0,1,0.36,0.90,1,0,0,,-0.10,-0.34,-0.15,0.21,0.36,-0.16,0.48,-0.15,0.16,-0.43,,0.49,0.26,,
0,1,male,65,0,0,26.55,S,1,1,0,1,0,0.81,1.42,1,0,0,,-0.10,-0.34,-0.15,0.21,0.36,-0.16,0.48,-0.15,0.16,-0.43,,0.18,0.03,,
1,2,female,50,0,0,10.5,S,0,0,1,1,0,0.63,1.02,1,0,0,,-0.10,-0.34,-0.15,0.21,0.36,-0.16,0.48,-0.15,0.16,-0.43,,0.31,0.48,,
1,1,male,48,0,0,26.55,S,1,1,0,1,0,0.60,1.42,1,0,0,,-0.10,-0.34,-0.15,0.21,0.36,-0.16,0.48,-0.15,0.16,-0.43,,0.22,0.61,,
0,3,male,34,0,0,8.05,S,1,0,0,1,0,0.43,0.91,1,0,0,,-0.10,-0.34,-0.15,0.21,0.36,-0.16,0.48,-0.15,0.16,-0.43,,0.34,0.11,,
0,1,male,47,0,0,38.5,S,1,1,0,1,0,0.59,1.59,1,0,0,,-0.10,-0.34,-0.15,0.21,0.36,-0.16,0.48,-0.15,0.16,-0.43,,0.30,0.09,,
0,2,male,48,0,0,13,S,1,0,1,1,0,0.60,1.11,1,0,0,,-0.10,-0.34,-0.15,0.21,0.36,-0.16,0.48,-0.15,0.16,-0.43,,0.26,0.07,,
0,3,male,38,0,0,7.05,S,1,0,0,1,0,0.48,0.85,1,0,0,,-0.10,-0.34,-0.15,0.21,0.36,-0.16,0.48,-0.15,0.16,-0.43,,0.30,0.09,,
0,1,male,56,0,0,26.55,S,1,1,0,1,0,0.70,1.42,1,0,0,,-0.10,-0.34,-0.15,0.21,0.36,-0.16,0.48,-0.15,0.16,-0.43,,0.20,0.04,,
1,3,female,0.75,2,1,19.2583,C,0,0,0,0,1,0.01,1.28,1,1,2,,-0.10,-0.34,-0.15,0.21,0.36,-0.16,0.48,-0.15,0.16,-0.43,,0.13,0.75,,
0,3,male,38,0,0,8.6625,S,1,0,0,1,0,0.48,0.94,1,0,0,,-0.10,-0.34,-0.15,0.21,0.36,-0.16,0.48,-0.15,0.16,-0.43,,0.34,0.12,,
1,2,female,33,1,2,27.75,S,0,0,1,1,0,0.41,1.44,1,2,1,,-0.10,-0.34,-0.15,0.21,0.36,-0.16,0.48,-0.15,0.16,-0.43,,0.43,0.33,,
1,2,female,23,0,0,13.7917,C,0,0,1,0,1,0.29,1.14,1,0,0,,-0.10,-0.34,-0.15,0.21,0.36,-0.16,0.48,-0.15,0.16,-0.43,,0.57,0.19,,
0,3,female,22,0,0,9.8375,S,0,0,0,1,0,0.28,0.99,1,0,0,,-0.10,-0.34,-0.15,0.21,0.36,-0.16,0.48,-0.15,0.16,-0.43,,0.50,0.25,,
0,2,male,34,1,0,21,S,1,0,1,1,0,0.43,1.32,1,0,1,,-0.10,-0.34,-0.15,0.21,0.36,-0.16,0.48,-0.15,0.16,-0.43,,-0.04,0.00,,
0,3,male,29,1,0,7.0458,S,1,0,0,1,0,0.36,0.85,1,0,1,,-0.10,-0.34,-0.15,0.21,0.36,-0.16,0.48,-0.15,0.16,-0.43,,-0.11,0.01,,
0,3,male,22,0,0,7.5208,S,1,0,0,1,0,0.28,0.88,1,0,0,,-0.10,-0.34,-0.15,0.21,0.36,-0.16,0.48,-0.15,0.16,-0.43,,0.35,0.12,,
1,3,female,2,0,1,12.2875,S,0,0,0,1,0,0.03,1.09,1,1,0,,-0.10,-0.34,-0.15,0.21,0.36,-0.16,0.48,-0.15,0.16,-0.43,,0.74,0.07,,
0,3,male,9,5,2,46.9,S,1,0,0,1,0,0.11,1.67,1,2,5,,-0.10,-0.34,-0.15,0.21,0.36,-0.16,0.48,-0.15,0.16,-0.43,,-1.07,1.15,,
0,3,male,50,0,0,8.05,S,1,0,0,1,0,0.63,0.91,1,0,0,,-0.10,-0.34,-0.15,0.21,0.36,-0.16,0.48,-0.15,0.16,-0.43,,0.31,0.09,,
1,3,female,63,0,0,9.5875,S,0,0,0,1,0,0.79,0.98,1,0,0,,-0.10,-0.34,-0.15,0.21,0.36,-0.16,0.48,-0.15,0.16,-0.43,,0.42,0.34,,
1,1,male,25,1,0,91.0792,C,1,1,0,0,1,0.31,1.96,1,0,1,,-0.10,-0.34,-0.15,0.21,0.36,-0.16,0.48,-0.15,0.16,-0.43,,0.24,0.58,,
1,1,female,35,1,0,90,S,0,1,0,1,0,0.44,1.95,1,0,1,,-0.10,-0.34,-0.15,0.21,0.36,-0.16,0.48,-0.15,0.16,-0.43,,0.17,0.69,,
0,1,male,58,0,0,29.7,C,1,1,0,0,1,0.73,1.47,1,0,0,,-0.10,-0.34,-0.15,0.21,0.36,-0.16,0.48,-0.15,0.16,-0.43,,0.37,0.14,,
0,3,male,30,0,0,8.05,S,1,0,0,1,0,0.38,0.91,1,0,0,,-0.10,-0.34,-0.15,0.21,0.36,-0.16,0.48,-0.15,0.16,-0.43,,0.34,0.12,,
1,3,male,9,1,1,15.9,S,1,0,0,1,0,0.11,1.20,1,1,1,,-0.10,-0.34,-0.15,0.21,0.36,-0.16,0.48,-0.15,0.16,-0.43,,0.26,0.55,,
0,3,male,21,0,0,7.25,S,1,0,0,1,0,0.26,0.86,1,0,0,,-0.10,-0.34,-0.15,0.21,0.36,-0.16,0.48,-0.15,0.16,-0.43,,0.34,0.12,,
0,1,male,55,0,0,30.5,S,1,1,0,1,0,0.69,1.48,1,0,0,,-0.10,-0.34,-0.15,0.21,0.36,-0.16,0.48,-0.15,0.16,-0.43,,0.23,0.05,,
0,1,male,71,0,0,49.5042,C,1,1,0,0,1,0.89,1.69,1,0,0,,-0.10,-0.34,-0.15,0.21,0.36,-0.16,0.48,-0.15,0.16,-0.43,,0.45,0.20,,
0,3,male,21,0,0,8.05,S,1,0,0,1,0,0.26,0.91,1,0,0,,-0.10,-0.34,-0.15,0.21,0.36,-0.16,0.48,-0.15,0.16,-0.43,,0.36,0.13,,
1,1,female,54,1,0,78.2667,C,0,1,0,0,1,0.68,1.89,1,0,1,,-0.10,-0.34,-0.15,0.21,0.36,-0.16,0.48,-0.15,0.16,-0.43,,0.25,0.56,,
0,1,female,25,1,2,151.55,S,0,1,0,1,0,0.31,2.18,1,2,1,,-0.10,-0.34,-0.15,0.21,0.36,-0.16,0.48,-0.15,0.16,-0.43,,0.61,0.37,,
0,3,male,24,0,0,7.7958,S,1,0,0,1,0,0.30,0.89,1,0,0,,-0.10,-0.34,-0.15,0.21,0.36,-0.16,0.48,-0.15,0.16,-0.43,,0.35,0.12,,
0,3,male,17,0,0,8.6625,S,1,0,0,1,0,0.21,0.94,1,0,0,,-0.10,-0.34,-0.15,0.21,0.36,-0.16,0.48,-0.15,0.16,-0.43,,0.39,0.15,,
0,3,female,21,0,0,7.75,Q,0,0,0,0,0,0.26,0.89,1,0,0,,-0.10,-0.34,-0.15,0.21,0.36,-0.16,0.48,-0.15,0.16,-0.43,,0.24,0.06,,
0,3,female,37,0,0,9.5875,S,0,0,0,1,0,0.46,0.98,1,0,0,,-0.10,-0.34,-0.15,0.21,0.36,-0.16,0.48,-0.15,0.16,-0.43,,0.47,0.22,,
1,1,female,16,0,0,86.5,S,0,1,0,1,0,0.20,1.94,1,0,0,,-0.10,-0.34,-0.15,0.21,0.36,-0.16,0.48,-0.15,0.16,-0.43,,0.63,0.14,,
0,1,male,18,1,0,108.9,C,1,1,0,0,1,0.23,2.04,1,0,1,,-0.10,-0.34,-0.15,0.21,0.36,-0.16,0.48,-0.15,0.16,-0.43,,0.29,0.08,,
1,2,female,33,0,2,26,S,0,0,1,1,0,0.41,1.41,1,2,0,,-0.10,-0.34,-0.15,0.21,0.36,-0.16,0.48,-0.15,0.16,-0.43,,0.84,0.02,,
0,3,male,28,0,0,22.525,S,1,0,0,1,0,0.35,1.35,1,0,0,,-0.10,-0.34,-0.15,0.21,0.36,-0.16,0.48,-0.15,0.16,-0.43,,0.56,0.32,,
1,3,male,26,0,0,56.4958,S,1,0,0,1,0,0.33,1.75,1,0,0,,-0.10,-0.34,-0.15,0.21,0.36,-0.16,0.48,-0.15,0.16,-0.43,,0.76,0.06,,
1,3,male,29,0,0,7.75,Q,1,0,0,0,0,0.36,0.89,1,0,0,,-0.10,-0.34,-0.15,0.21,0.36,-0.16,0.48,-0.15,0.16,-0.43,,0.13,0.76,,
1,1,male,36,0,0,26.2875,S,1,1,0,1,0,0.45,1.42,1,0,0,,-0.10,-0.34,-0.15,0.21,0.36,-0.16,0.48,-0.15,0.16,-0.43,,0.24,0.58,,
1,1,female,54,1,0,59.4,C,0,1,0,0,1,0.68,1.77,1,0,1,,-0.10,-0.34,-0.15,0.21,0.36,-0.16,0.48,-0.15,0.16,-0.43,,0.19,0.65,,
0,3,male,24,0,0,7.4958,S,1,0,0,1,0,0.30,0.87,1,0,0,,-0.10,-0.34,-0.15,0.21,0.36,-0.16,0.48,-0.15,0.16,-0.43,,0.34,0.12,,
0,1,male,47,0,0,34.0208,S,1,1,0,1,0,0.59,1.53,1,0,0,,-0.10,-0.34,-0.15,0.21,0.36,-0.16,0.48,-0.15,0.16,-0.43,,0.27,0.07,,
1,2,female,34,0,0,10.5,S,0,0,1,1,0,0.43,1.02,1,0,0,,-0.10,-0.34,-0.15,0.21,0.36,-0.16,0.48,-0.15,0.16,-0.43,,0.34,0.43,,
1,2,female,36,1,0,26,S,0,0,1,1,0,0.45,1.41,1,0,1,,-0.10,-0.34,-0.15,0.21,0.36,-0.16,0.48,-0.15,0.16,-0.43,,0.10,0.81,,
0,3,male,32,0,0,7.8958,S,1,0,0,1,0,0.40,0.90,1,0,0,,-0.10,-0.34,-0.15,0.21,0.36,-0.16,0.48,-0.15,0.16,-0.43,,0.34,0.11,,
1,1,female,30,0,0,93.5,S,0,1,0,1,0,0.38,1.97,1,0,0,,-0.10,-0.34,-0.15,0.21,0.36,-0.16,0.48,-0.15,0.16,-0.43,,0.61,0.15,,
0,3,male,22,0,0,7.8958,S,1,0,0,1,0,0.28,0.90,1,0,0,,-0.10,-0.34,-0.15,0.21,0.36,-0.16,0.48,-0.15,0.16,-0.43,,0.36,0.13,,
1,1,female,44,0,1,57.9792,C,0,1,0,0,1,0.55,1.76,1,1,0,,-0.10,-0.34,-0.15,0.21,0.36,-0.16,0.48,-0.15,0.16,-0.43,,0.79,0.04,,
0,3,male,40.5,0,0,7.75,Q,1,0,0,0,0,0.51,0.89,1,0,0,,-0.10,-0.34,-0.15,0.21,0.36,-0.16,0.48,-0.15,0.16,-0.43,,0.11,0.01,,
1,2,female,50,0,0,10.5,S,0,0,1,1,0,0.63,1.02,1,0,0,,-0.10,-0.34,-0.15,0.21,0.36,-0.16,0.48,-0.15,0.16,-0.43,,0.31,0.48,,
0,3,male,39,0,0,7.925,S,1,0,0,1,0,0.49,0.90,1,0,0,,-0.10,-0.34,-0.15,0.21,0.36,-0.16,0.48,-0.15,0.16,-0.43,,0.32,0.10,,
0,2,male,23,2,1,11.5,S,1,0,1,1,0,0.29,1.06,1,1,2,,-0.10,-0.34,-0.15,0.21,0.36,-0.16,0.48,-0.15,0.16,-0.43,,-0.42,0.17,,
1,2,female,2,1,1,26,S,0,0,1,1,0,0.03,1.41,1,1,1,,-0.10,-0.34,-0.15,0.21,0.36,-0.16,0.48,-0.15,0.16,-0.43,,0.32,0.46,,
0,3,male,17,1,1,7.2292,C,1,0,0,0,1,0.21,0.86,1,1,1,,-0.10,-0.34,-0.15,0.21,0.36,-0.16,0.48,-0.15,0.16,-0.43,,0.22,0.05,,
0,3,female,30,0,0,8.6625,S,0,0,0,1,0,0.38,0.94,1,0,0,,-0.10,-0.34,-0.15,0.21,0.36,-0.16,0.48,-0.15,0.16,-0.43,,0.46,0.21,,
1,2,female,7,0,2,26.25,S,0,0,1,1,0,0.09,1.42,1,2,0,,-0.10,-0.34,-0.15,0.21,0.36,-0.16,0.48,-0.15,0.16,-0.43,,0.90,0.01,,
0,1,male,45,0,0,26.55,S,1,1,0,1,0,0.56,1.42,1,0,0,,-0.10,-0.34,-0.15,0.21,0.36,-0.16,0.48,-0.15,0.16,-0.43,,0.22,0.05,,
1,1,female,30,0,0,106.425,C,0,1,0,0,1,0.38,2.03,1,0,0,,-0.10,-0.34,-0.15,0.21,0.36,-0.16,0.48,-0.15,0.16,-0.43,,0.79,0.04,,
1,1,female,22,0,2,49.5,C,0,1,0,0,1,0.28,1.69,1,2,0,,-0.10,-0.34,-0.15,0.21,0.36,-0.16,0.48,-0.15,0.16,-0.43,,0.96,0.00,,
1,1,female,36,0,2,71,S,0,1,0,1,0,0.45,1.85,1,2,0,,-0.10,-0.34,-0.15,0.21,0.36,-0.16,0.48,-0.15,0.16,-0.43,,0.86,0.02,,
0,3,female,9,4,2,31.275,S,0,0,0,1,0,0.11,1.50,1,2,4,,-0.10,-0.34,-0.15,0.21,0.36,-0.16,0.48,-0.15,0.16,-0.43,,-0.63,0.40,,
0,3,female,11,4,2,31.275,S,0,0,0,1,0,0.14,1.50,1,2,4,,-0.10,-0.34,-0.15,0.21,0.36,-0.16,0.48,-0.15,0.16,-0.43,,-0.63,0.40,,
1,2,male,32,1,0,26,S,1,0,1,1,0,0.40,1.41,1,0,1,,-0.10,-0.34,-0.15,0.21,0.36,-0.16,0.48,-0.15,0.16,-0.43,,0.01,0.98,,
0,1,male,50,1,0,106.425,C,1,1,0,0,1,0.63,2.03,1,0,1,,-0.10,-0.34,-0.15,0.21,0.36,-0.16,0.48,-0.15,0.16,-0.43,,0.22,0.05,,
0,1,male,64,0,0,26,S,1,1,0,1,0,0.80,1.41,1,0,0,,-0.10,-0.34,-0.15,0.21,0.36,-0.16,0.48,-0.15,0.16,-0.43,,0.18,0.03,,
1,2,female,19,1,0,26,S,0,0,1,1,0,0.24,1.41,1,0,1,,-0.10,-0.34,-0.15,0.21,0.36,-0.16,0.48,-0.15,0.16,-0.43,,0.13,0.75,,
0,3,male,33,1,1,20.525,S,1,0,0,1,0,0.41,1.31,1,1,1,,-0.10,-0.34,-0.15,0.21,0.36,-0.16,0.48,-0.15,0.16,-0.43,,0.26,0.07,,
1,2,male,8,1,1,36.75,S,1,0,1,1,0,0.10,1.57,1,1,1,,-0.10,-0.34,-0.15,0.21,0.36,-0.16,0.48,-0.15,0.16,-0.43,,0.28,0.51,,
1,1,male,17,0,2,110.8833,C,1,1,0,0,1,0.21,2.04,1,2,0,,-0.10,-0.34,-0.15,0.21,0.36,-0.16,0.48,-0.15,0.16,-0.43,,1.04,0.00,,
0,2,male,27,0,0,26,S,1,0,1,1,0,0.34,1.41,1,0,0,,-0.10,-0.34,-0.15,0.21,0.36,-0.16,0.48,-0.15,0.16,-0.43,,0.45,0.20,,
1,3,male,22,0,0,7.225,C,1,0,0,0,1,0.28,0.86,1,0,0,,-0.10,-0.34,-0.15,0.21,0.36,-0.16,0.48,-0.15,0.16,-0.43,,0.49,0.26,,
1,3,female,22,0,0,7.775,S,0,0,0,1,0,0.28,0.89,1,0,0,,-0.10,-0.34,-0.15,0.21,0.36,-0.16,0.48,-0.15,0.16,-0.43,,0.45,0.30,,
0,1,male,62,0,0,26.55,S,1,1,0,1,0,0.78,1.42,1,0,0,,-0.10,-0.34,-0.15,0.21,0.36,-0.16,0.48,-0.15,0.16,-0.43,,0.19,0.04,,
1,1,female,48,1,0,39.6,C,0,1,0,0,1,0.60,1.60,1,0,1,,-0.10,-0.34,-0.15,0.21,0.36,-0.16,0.48,-0.15,0.16,-0.43,,0.12,0.77,,
1,1,female,39,1,1,79.65,S,0,1,0,1,0,0.49,1.90,1,1,1,,-0.10,-0.34,-0.15,0.21,0.36,-0.16,0.48,-0.15,0.16,-0.43,,0.29,0.50,,
1,3,female,36,1,0,17.4,S,0,0,0,1,0,0.45,1.24,1,0,1,,-0.10,-0.34,-0.15,0.21,0.36,-0.16,0.48,-0.15,0.16,-0.43,,0.17,0.70,,
0,3,male,40,0,0,7.8958,S,1,0,0,1,0,0.50,0.90,1,0,0,,-0.10,-0.34,-0.15,0.21,0.36,-0.16,0.48,-0.15,0.16,-0.43,,0.32,0.10,,
0,2,male,28,0,0,13.5,S,1,0,1,1,0,0.35,1.13,1,0,0,,-0.10,-0.34,-0.15,0.21,0.36,-0.16,0.48,-0.15,0.16,-0.43,,0.31,0.09,,
0,3,male,24,2,0,24.15,S,1,0,0,1,0,0.30,1.38,1,0,2,,-0.10,-0.34,-0.15,0.21,0.36,-0.16,0.48,-0.15,0.16,-0.43,,-0.27,0.07,,
0,3,male,19,0,0,7.8958,S,1,0,0,1,0,0.24,0.90,1,0,0,,-0.10,-0.34,-0.15,0.21,0.36,-0.16,0.48,-0.15,0.16,-0.43,,0.36,0.13,,
0,3,female,29,0,4,21.075,S,0,0,0,1,0,0.36,1.32,1,4,0,,-0.10,-0.34,-0.15,0.21,0.36,-0.16,0.48,-0.15,0.16,-0.43,,1.27,1.61,,
1,3,male,32,0,0,7.8542,S,1,0,0,1,0,0.40,0.90,1,0,0,,-0.10,-0.34,-0.15,0.21,0.36,-0.16,0.48,-0.15,0.16,-0.43,,0.34,0.44,,
1,2,male,62,0,0,10.5,S,1,0,1,1,0,0.78,1.02,1,0,0,,-0.10,-0.34,-0.15,0.21,0.36,-0.16,0.48,-0.15,0.16,-0.43,,0.19,0.66,,
1,1,female,53,2,0,51.4792,S,0,1,0,1,0,0.66,1.71,1,0,2,,-0.10,-0.34,-0.15,0.21,0.36,-0.16,0.48,-0.15,0.16,-0.43,,-0.41,1.99,,
1,1,male,36,0,0,26.3875,S,1,1,0,1,0,0.45,1.42,1,0,0,,-0.10,-0.34,-0.15,0.21,0.36,-0.16,0.48,-0.15,0.16,-0.43,,0.24,0.58,,
0,3,male,16,0,0,8.05,S,1,0,0,1,0,0.20,0.91,1,0,0,,-0.10,-0.34,-0.15,0.21,0.36,-0.16,0.48,-0.15,0.16,-0.43,,0.37,0.14,,
0,3,male,19,0,0,14.5,S,1,0,0,1,0,0.24,1.16,1,0,0,,-0.10,-0.34,-0.15,0.21,0.36,-0.16,0.48,-0.15,0.16,-0.43,,0.49,0.24,,
1,2,female,34,0,0,13,S,0,0,1,1,0,0.43,1.11,1,0,0,,-0.10,-0.34,-0.15,0.21,0.36,-0.16,0.48,-0.15,0.16,-0.43,,0.39,0.38,,
1,1,female,39,1,0,55.9,S,0,1,0,1,0,0.49,1.75,1,0,1,,-0.10,-0.34,-0.15,0.21,0.36,-0.16,0.48,-0.15,0.16,-0.43,,0.06,0.88,,
1,3,male,32,0,0,7.925,S,1,0,0,1,0,0.40,0.90,1,0,0,,-0.10,-0.34,-0.15,0.21,0.36,-0.16,0.48,-0.15,0.16,-0.43,,0.34,0.44,,
1,2,female,25,1,1,30,S,0,0,1,1,0,0.31,1.48,1,1,1,,-0.10,-0.34,-0.15,0.21,0.36,-0.16,0.48,-0.15,0.16,-0.43,,0.31,0.48,,
1,1,female,39,1,1,110.8833,C,0,1,0,0,1,0.49,2.04,1,1,1,,-0.10,-0.34,-0.15,0.21,0.36,-0.16,0.48,-0.15,0.16,-0.43,,0.51,0.24,,
0,2,male,54,0,0,26,S,1,0,1,1,0,0.68,1.41,1,0,0,,-0.10,-0.34,-0.15,0.21,0.36,-0.16,0.48,-0.15,0.16,-0.43,,0.39,0.15,,
0,1,male,36,0,0,40.125,C,1,1,0,0,1,0.45,1.60,1,0,0,,-0.10,-0.34,-0.15,0.21,0.36,-0.16,0.48,-0.15,0.16,-0.43,,0.47,0.23,,
1,1,female,18,0,2,79.65,S,0,1,0,1,0,0.23,1.90,1,2,0,,-0.10,-0.34,-0.15,0.21,0.36,-0.16,0.48,-0.15,0.16,-0.43,,0.91,0.01,,
0,2,male,47,0,0,15,S,1,0,1,1,0,0.59,1.18,1,0,0,,-0.10,-0.34,-0.15,0.21,0.36,-0.16,0.48,-0.15,0.16,-0.43,,0.29,0.08,,
1,1,male,60,1,1,79.2,C,1,1,0,0,1,0.75,1.90,1,1,1,,-0.10,-0.34,-0.15,0.21,0.36,-0.16,0.48,-0.15,0.16,-0.43,,0.30,0.49,,
0,3,male,22,0,0,8.05,S,1,0,0,1,0,0.28,0.91,1,0,0,,-0.10,-0.34,-0.15,0.21,0.36,-0.16,0.48,-0.15,0.16,-0.43,,0.36,0.13,,
0,3,male,35,0,0,7.125,S,1,0,0,1,0,0.44,0.85,1,0,0,,-0.10,-0.34,-0.15,0.21,0.36,-0.16,0.48,-0.15,0.16,-0.43,,0.31,0.10,,
1,1,female,52,1,0,78.2667,C,0,1,0,0,1,0.65,1.89,1,0,1,,-0.10,-0.34,-0.15,0.21,0.36,-0.16,0.48,-0.15,0.16,-0.43,,0.26,0.55,,
0,3,male,47,0,0,7.25,S,1,0,0,1,0,0.59,0.86,1,0,0,,-0.10,-0.34,-0.15,0.21,0.36,-0.16,0.48,-0.15,0.16,-0.43,,0.29,0.08,,
0,2,male,37,1,0,26,S,1,0,1,1,0,0.46,1.41,1,0,1,,-0.10,-0.34,-0.15,0.21,0.36,-0.16,0.48,-0.15,0.16,-0.43,,0.00,0.00,,
0,3,male,36,1,1,24.15,S,1,0,0,1,0,0.45,1.38,1,1,1,,-0.10,-0.34,-0.15,0.21,0.36,-0.16,0.48,-0.15,0.16,-0.43,,0.29,0.08,,
1,1,male,49,1,0,56.9292,C,1,1,0,0,1,0.61,1.76,1,0,1,,-0.10,-0.34,-0.15,0.21,0.36,-0.16,0.48,-0.15,0.16,-0.43,,0.10,0.82,,
1,2,female,24,2,1,27,S,0,0,1,1,0,0.30,1.43,1,1,2,,-0.10,-0.34,-0.15,0.21,0.36,-0.16,0.48,-0.15,0.16,-0.43,,-0.14,1.30,,
0,3,male,44,0,0,8.05,S,1,0,0,1,0,0.55,0.91,1,0,0,,-0.10,-0.34,-0.15,0.21,0.36,-0.16,0.48,-0.15,0.16,-0.43,,0.32,0.10,,
1,1,male,35,0,0,26.55,C,1,1,0,0,1,0.44,1.42,1,0,0,,-0.10,-0.34,-0.15,0.21,0.36,-0.16,0.48,-0.15,0.16,-0.43,,0.39,0.37,,
0,3,male,36,1,0,15.55,S,1,0,0,1,0,0.45,1.19,1,0,1,,-0.10,-0.34,-0.15,0.21,0.36,-0.16,0.48,-0.15,0.16,-0.43,,0.04,0.00,,
0,3,male,30,0,0,7.8958,S,1,0,0,1,0,0.38,0.90,1,0,0,,-0.10,-0.34,-0.15,0.21,0.36,-0.16,0.48,-0.15,0.16,-0.43,,0.34,0.12,,
1,1,male,27,0,0,30.5,S,1,1,0,1,0,0.34,1.48,1,0,0,,-0.10,-0.34,-0.15,0.21,0.36,-0.16,0.48,-0.15,0.16,-0.43,,0.29,0.51,,
1,2,female,22,1,2,41.5792,C,0,0,1,0,1,0.28,1.62,1,2,1,,-0.10,-0.34,-0.15,0.21,0.36,-0.16,0.48,-0.15,0.16,-0.43,,0.68,0.10,,
1,1,female,40,0,0,153.4625,S,0,1,0,1,0,0.50,2.19,1,0,0,,-0.10,-0.34,-0.15,0.21,0.36,-0.16,0.48,-0.15,0.16,-0.43,,0.70,0.09,,
0,3,female,39,1,5,31.275,S,0,0,0,1,0,0.49,1.50,1,5,1,,-0.10,-0.34,-0.15,0.21,0.36,-0.16,0.48,-0.15,0.16,-0.43,,1.06,1.12,,
0,3,male,35,0,0,8.05,S,1,0,0,1,0,0.44,0.91,1,0,0,,-0.10,-0.34,-0.15,0.21,0.36,-0.16,0.48,-0.15,0.16,-0.43,,0.33,0.11,,
1,2,female,24,1,2,65,S,0,0,1,1,0,0.30,1.81,1,2,1,,-0.10,-0.34,-0.15,0.21,0.36,-0.16,0.48,-0.15,0.16,-0.43,,0.63,0.14,,
0,3,male,34,1,1,14.4,S,1,0,0,1,0,0.43,1.16,1,1,1,,-0.10,-0.34,-0.15,0.21,0.36,-0.16,0.48,-0.15,0.16,-0.43,,0.19,0.03,,
0,3,female,26,1,0,16.1,S,0,0,0,1,0,0.33,1.21,1,0,1,,-0.10,-0.34,-0.15,0.21,0.36,-0.16,0.48,-0.15,0.16,-0.43,,0.17,0.03,,
1,2,female,4,2,1,39,S,0,0,1,1,0,0.05,1.59,1,1,2,,-0.10,-0.34,-0.15,0.21,0.36,-0.16,0.48,-0.15,0.16,-0.43,,-0.03,1.05,,
0,2,male,26,0,0,10.5,S,1,0,1,1,0,0.33,1.02,1,0,0,,-0.10,-0.34,-0.15,0.21,0.36,-0.16,0.48,-0.15,0.16,-0.43,,0.26,0.07,,
0,3,male,27,1,0,14.4542,C,1,0,0,0,1,0.34,1.16,1,0,1,,-0.10,-0.34,-0.15,0.21,0.36,-0.16,0.48,-0.15,0.16,-0.43,,0.19,0.04,,
1,1,male,42,1,0,52.5542,S,1,1,0,1,0,0.53,1.72,1,0,1,,-0.10,-0.34,-0.15,0.21,0.36,-0.16,0.48,-0.15,0.16,-0.43,,-0.06,1.12,,
1,3,male,20,1,1,15.7417,C,1,0,0,0,1,0.25,1.20,1,1,1,,-0.10,-0.34,-0.15,0.21,0.36,-0.16,0.48,-0.15,0.16,-0.43,,0.38,0.38,,
0,3,male,21,0,0,7.8542,S,1,0,0,1,0,0.26,0.90,1,0,0,,-0.10,-0.34,-0.15,0.21,0.36,-0.16,0.48,-0.15,0.16,-0.43,,0.36,0.13,,
0,3,male,21,0,0,16.1,S,1,0,0,1,0,0.26,1.21,1,0,0,,-0.10,-0.34,-0.15,0.21,0.36,-0.16,0.48,-0.15,0.16,-0.43,,0.51,0.26,,
0,1,male,61,0,0,32.3208,S,1,1,0,1,0,0.76,1.51,1,0,0,,-0.10,-0.34,-0.15,0.21,0.36,-0.16,0.48,-0.15,0.16,-0.43,,0.23,0.05,,
0,2,male,57,0,0,12.35,Q,1,0,1,0,0,0.71,1.09,1,0,0,,-0.10,-0.34,-0.15,0.21,0.36,-0.16,0.48,-0.15,0.16,-0.43,,0.02,0.00,,
1,1,female,21,0,0,77.9583,S,0,1,0,1,0,0.26,1.89,1,0,0,,-0.10,-0.34,-0.15,0.21,0.36,-0.16,0.48,-0.15,0.16,-0.43,,0.59,0.17,,
0,3,male,26,0,0,7.8958,S,1,0,0,1,0,0.33,0.90,1,0,0,,-0.10,-0.34,-0.15,0.21,0.36,-0.16,0.48,-0.15,0.16,-0.43,,0.35,0.12,,
1,1,male,80,0,0,30,S,1,1,0,1,0,1.00,1.48,1,0,0,,-0.10,-0.34,-0.15,0.21,0.36,-0.16,0.48,-0.15,0.16,-0.43,,0.18,0.67,,
0,3,male,51,0,0,7.0542,S,1,0,0,1,0,0.64,0.85,1,0,0,,-0.10,-0.34,-0.15,0.21,0.36,-0.16,0.48,-0.15,0.16,-0.43,,0.28,0.08,,
1,1,male,32,0,0,30.5,C,1,1,0,0,1,0.40,1.48,1,0,0,,-0.10,-0.34,-0.15,0.21,0.36,-0.16,0.48,-0.15,0.16,-0.43,,0.43,0.33,,
0,3,female,9,3,2,27.9,S,0,0,0,1,0,0.11,1.45,1,2,3,,-0.10,-0.34,-0.15,0.21,0.36,-0.16,0.48,-0.15,0.16,-0.43,,-0.23,0.05,,
1,2,female,28,0,0,13,S,0,0,1,1,0,0.35,1.11,1,0,0,,-0.10,-0.34,-0.15,0.21,0.36,-0.16,0.48,-0.15,0.16,-0.43,,0.40,0.36,,
0,3,male,32,0,0,7.925,S,1,0,0,1,0,0.40,0.90,1,0,0,,-0.10,-0.34,-0.15,0.21,0.36,-0.16,0.48,-0.15,0.16,-0.43,,0.34,0.11,,
0,2,male,31,1,1,26.25,S,1,0,1,1,0,0.39,1.42,1,1,1,,-0.10,-0.34,-0.15,0.21,0.36,-0.16,0.48,-0.15,0.16,-0.43,,0.17,0.03,,
0,3,female,41,0,5,39.6875,S,0,0,0,1,0,0.51,1.60,1,5,0,,-0.10,-0.34,-0.15,0.21,0.36,-0.16,0.48,-0.15,0.16,-0.43,,1.53,2.35,,
0,3,male,20,0,0,7.8542,S,1,0,0,1,0,0.25,0.90,1,0,0,,-0.10,-0.34,-0.15,0.21,0.36,-0.16,0.48,-0.15,0.16,-0.43,,0.36,0.13,,
1,1,female,24,0,0,69.3,C,0,1,0,0,1,0.30,1.84,1,0,0,,-0.10,-0.34,-0.15,0.21,0.36,-0.16,0.48,-0.15,0.16,-0.43,,0.71,0.08,,
0,3,female,2,3,2,27.9,S,0,0,0,1,0,0.03,1.45,1,2,3,,-0.10,-0.34,-0.15,0.21,0.36,-0.16,0.48,-0.15,0.16,-0.43,,-0.21,0.05,,
1,3,female,0.75,2,1,19.2583,C,0,0,0,0,1,0.01,1.28,1,1,2,,-0.10,-0.34,-0.15,0.21,0.36,-0.16,0.48,-0.15,0.16,-0.43,,0.13,0.75,,
1,1,male,48,1,0,76.7292,C,1,1,0,0,1,0.60,1.88,1,0,1,,-0.10,-0.34,-0.15,0.21,0.36,-0.16,0.48,-0.15,0.16,-0.43,,0.16,0.71,,
0,3,male,19,0,0,7.8958,S,1,0,0,1,0,0.24,0.90,1,0,0,,-0.10,-0.34,-0.15,0.21,0.36,-0.16,0.48,-0.15,0.16,-0.43,,0.36,0.13,,
1,1,male,56,0,0,35.5,C,1,1,0,0,1,0.70,1.55,1,0,0,,-0.10,-0.34,-0.15,0.21,0.36,-0.16,0.48,-0.15,0.16,-0.43,,0.41,0.35,,
1,3,female,23,0,0,7.55,S,0,0,0,1,0,0.29,0.88,1,0,0,,-0.10,-0.34,-0.15,0.21,0.36,-0.16,0.48,-0.15,0.16,-0.43,,0.44,0.31,,
1,2,female,18,0,1,23,S,0,0,1,1,0,0.23,1.36,1,1,0,,-0.10,-0.34,-0.15,0.21,0.36,-0.16,0.48,-0.15,0.16,-0.43,,0.69,0.10,,
0,3,male,21,0,0,8.4333,S,1,0,0,1,0,0.26,0.93,1,0,0,,-0.10,-0.34,-0.15,0.21,0.36,-0.16,0.48,-0.15,0.16,-0.43,,0.37,0.14,,
0,3,female,18,0,0,6.75,Q,0,0,0,0,0,0.23,0.83,1,0,0,,-0.10,-0.34,-0.15,0.21,0.36,-0.16,0.48,-0.15,0.16,-0.43,,0.22,0.05,,
0,2,male,24,2,0,73.5,S,1,0,1,1,0,0.30,1.87,1,0,2,,-0.10,-0.34,-0.15,0.21,0.36,-0.16,0.48,-0.15,0.16,-0.43,,-0.19,0.03,,
0,3,female,32,1,1,15.5,Q,0,0,0,0,0,0.40,1.19,1,1,1,,-0.10,-0.34,-0.15,0.21,0.36,-0.16,0.48,-0.15,0.16,-0.43,,0.09,0.01,,
0,2,male,23,0,0,13,S,1,0,1,1,0,0.29,1.11,1,0,0,,-0.10,-0.34,-0.15,0.21,0.36,-0.16,0.48,-0.15,0.16,-0.43,,0.31,0.09,,
0,1,male,58,0,2,113.275,C,1,1,0,0,1,0.73,2.05,1,2,0,,-0.10,-0.34,-0.15,0.21,0.36,-0.16,0.48,-0.15,0.16,-0.43,,0.96,0.92,,
1,1,male,50,2,0,133.65,S,1,1,0,1,0,0.63,2.13,1,0,2,,-0.10,-0.34,-0.15,0.21,0.36,-0.16,0.48,-0.15,0.16,-0.43,,-0.30,1.70,,
0,3,male,40,0,0,7.225,C,1,0,0,0,1,0.50,0.86,1,0,0,,-0.10,-0.34,-0.15,0.21,0.36,-0.16,0.48,-0.15,0.16,-0.43,,0.45,0.20,,
0,1,male,47,0,0,25.5875,S,1,1,0,1,0,0.59,1.41,1,0,0,,-0.10,-0.34,-0.15,0.21,0.36,-0.16,0.48,-0.15,0.16,-0.43,,0.21,0.04,,
0,3,male,36,0,0,7.4958,S,1,0,0,1,0,0.45,0.87,1,0,0,,-0.10,-0.34,-0.15,0.21,0.36,-0.16,0.48,-0.15,0.16,-0.43,,0.32,0.10,,
1,3,male,20,1,0,7.925,S,1,0,0,1,0,0.25,0.90,1,0,1,,-0.10,-0.34,-0.15,0.21,0.36,-0.16,0.48,-0.15,0.16,-0.43,,-0.07,1.14,,
0,2,male,32,2,0,73.5,S,1,0,1,1,0,0.40,1.87,1,0,2,,-0.10,-0.34,-0.15,0.21,0.36,-0.16,0.48,-0.15,0.16,-0.43,,-0.20,0.04,,
0,2,male,25,0,0,13,S,1,0,1,1,0,0.31,1.11,1,0,0,,-0.10,-0.34,-0.15,0.21,0.36,-0.16,0.48,-0.15,0.16,-0.43,,0.30,0.09,,
0,3,male,43,0,0,8.05,S,1,0,0,1,0,0.54,0.91,1,0,0,,-0.10,-0.34,-0.15,0.21,0.36,-0.16,0.48,-0.15,0.16,-0.43,,0.32,0.10,,
1,2,female,40,1,1,39,S,0,0,1,1,0,0.50,1.59,1,1,1,,-0.10,-0.34,-0.15,0.21,0.36,-0.16,0.48,-0.15,0.16,-0.43,,0.33,0.45,,
0,1,male,31,1,0,52,S,1,1,0,1,0,0.39,1.72,1,0,1,,-0.10,-0.34,-0.15,0.21,0.36,-0.16,0.48,-0.15,0.16,-0.43,,-0.04,0.00,,
0,2,male,70,0,0,10.5,S,1,0,1,1,0,0.88,1.02,1,0,0,,-0.10,-0.34,-0.15,0.21,0.36,-0.16,0.48,-0.15,0.16,-0.43,,0.17,0.03,,
1,2,male,31,0,0,13,S,1,0,1,1,0,0.39,1.11,1,0,0,,-0.10,-0.34,-0.15,0.21,0.36,-0.16,0.48,-0.15,0.16,-0.43,,0.29,0.50,,
0,3,male,18,0,0,7.775,S,1,0,0,1,0,0.23,0.89,1,0,0,,-0.10,-0.34,-0.15,0.21,0.36,-0.16,0.48,-0.15,0.16,-0.43,,0.36,0.13,,
0,3,male,24.5,0,0,8.05,S,1,0,0,1,0,0.31,0.91,1,0,0,,-0.10,-0.34,-0.15,0.21,0.36,-0.16,0.48,-0.15,0.16,-0.43,,0.36,0.13,,
1,3,female,18,0,0,9.8417,S,0,0,0,1,0,0.23,0.99,1,0,0,,-0.10,-0.34,-0.15,0.21,0.36,-0.16,0.48,-0.15,0.16,-0.43,,0.51,0.24,,
0,3,female,43,1,6,46.9,S,0,0,0,1,0,0.54,1.67,1,6,1,,-0.10,-0.34,-0.15,0.21,0.36,-0.16,0.48,-0.15,0.16,-0.43,,1.29,1.67,,
1,1,male,36,0,1,512.3292,C,1,1,0,0,1,0.45,2.71,1,1,0,,-0.10,-0.34,-0.15,0.21,0.36,-0.16,0.48,-0.15,0.16,-0.43,,1.16,0.03,,
1,1,male,27,0,0,76.7292,C,1,1,0,0,1,0.34,1.88,1,0,0,,-0.10,-0.34,-0.15,0.21,0.36,-0.16,0.48,-0.15,0.16,-0.43,,0.63,0.14,,
0,3,male,20,0,0,9.225,S,1,0,0,1,0,0.25,0.96,1,0,0,,-0.10,-0.34,-0.15,0.21,0.36,-0.16,0.48,-0.15,0.16,-0.43,,0.39,0.15,,
0,3,male,14,5,2,46.9,S,1,0,0,1,0,0.18,1.67,1,2,5,,-0.10,-0.34,-0.15,0.21,0.36,-0.16,0.48,-0.15,0.16,-0.43,,-1.08,1.17,,
0,2,male,60,1,1,39,S,1,0,1,1,0,0.75,1.59,1,1,1,,-0.10,-0.34,-0.15,0.21,0.36,-0.16,0.48,-0.15,0.16,-0.43,,0.19,0.04,,
0,2,male,25,1,2,41.5792,C,1,0,1,0,1,0.31,1.62,1,2,1,,-0.10,-0.34,-0.15,0.21,0.36,-0.16,0.48,-0.15,0.16,-0.43,,0.58,0.34,,
0,3,male,14,4,1,39.6875,S,1,0,0,1,0,0.18,1.60,1,1,4,,-0.10,-0.34,-0.15,0.21,0.36,-0.16,0.48,-0.15,0.16,-0.43,,-0.84,0.71,,
0,3,male,19,0,0,10.1708,S,1,0,0,1,0,0.24,1.01,1,0,0,,-0.10,-0.34,-0.15,0.21,0.36,-0.16,0.48,-0.15,0.16,-0.43,,0.41,0.17,,
0,3,male,18,0,0,7.7958,S,1,0,0,1,0,0.23,0.89,1,0,0,,-0.10,-0.34,-0.15,0.21,0.36,-0.16,0.48,-0.15,0.16,-0.43,,0.36,0.13,,
1,1,female,15,0,1,211.3375,S,0,1,0,1,0,0.19,2.32,1,1,0,,-0.10,-0.34,-0.15,0.21,0.36,-0.16,0.48,-0.15,0.16,-0.43,,0.97,0.00,,
1,1,male,31,1,0,57,S,1,1,0,1,0,0.39,1.76,1,0,1,,-0.10,-0.34,-0.15,0.21,0.36,-0.16,0.48,-0.15,0.16,-0.43,,-0.02,1.04,,
1,3,female,4,0,1,13.4167,C,0,0,0,0,1,0.05,1.13,1,1,0,,-0.10,-0.34,-0.15,0.21,0.36,-0.16,0.48,-0.15,0.16,-0.43,,0.91,0.01,,
0,3,male,25,0,0,7.225,C,1,0,0,0,1,0.31,0.86,1,0,0,,-0.10,-0.34,-0.15,0.21,0.36,-0.16,0.48,-0.15,0.16,-0.43,,0.48,0.23,,
0,1,male,60,0,0,26.55,S,1,1,0,1,0,0.75,1.42,1,0,0,,-0.10,-0.34,-0.15,0.21,0.36,-0.16,0.48,-0.15,0.16,-0.43,,0.19,0.04,,
0,2,male,52,0,0,13.5,S,1,0,1,1,0,0.65,1.13,1,0,0,,-0.10,-0.34,-0.15,0.21,0.36,-0.16,0.48,-0.15,0.16,-0.43,,0.26,0.07,,
0,3,male,44,0,0,8.05,S,1,0,0,1,0,0.55,0.91,1,0,0,,-0.10,-0.34,-0.15,0.21,0.36,-0.16,0.48,-0.15,0.16,-0.43,,0.32,0.10,,
0,1,male,49,1,1,110.8833,C,1,1,0,0,1,0.61,2.04,1,1,1,,-0.10,-0.34,-0.15,0.21,0.36,-0.16,0.48,-0.15,0.16,-0.43,,0.39,0.15,,
0,3,male,42,0,0,7.65,S,1,0,0,1,0,0.53,0.88,1,0,0,,-0.10,-0.34,-0.15,0.21,0.36,-0.16,0.48,-0.15,0.16,-0.43,,0.31,0.10,,
1,1,female,18,1,0,227.525,C,0,1,0,0,1,0.23,2.36,1,0,1,,-0.10,-0.34,-0.15,0.21,0.36,-0.16,0.48,-0.15,0.16,-0.43,,0.55,0.21,,
1,1,male,35,0,0,26.2875,S,1,1,0,1,0,0.44,1.42,1,0,0,,-0.10,-0.34,-0.15,0.21,0.36,-0.16,0.48,-0.15,0.16,-0.43,,0.24,0.58,,
0,3,female,18,0,1,14.4542,C,0,0,0,0,1,0.23,1.16,1,1,0,,-0.10,-0.34,-0.15,0.21,0.36,-0.16,0.48,-0.15,0.16,-0.43,,0.89,0.80,,
0,3,male,25,0,0,7.7417,Q,1,0,0,0,0,0.31,0.89,1,0,0,,-0.10,-0.34,-0.15,0.21,0.36,-0.16,0.48,-0.15,0.16,-0.43,,0.14,0.02,,
0,3,male,26,1,0,7.8542,S,1,0,0,1,0,0.33,0.90,1,0,1,,-0.10,-0.34,-0.15,0.21,0.36,-0.16,0.48,-0.15,0.16,-0.43,,-0.08,0.01,,
0,2,male,39,0,0,26,S,1,0,1,1,0,0.49,1.41,1,0,0,,-0.10,-0.34,-0.15,0.21,0.36,-0.16,0.48,-0.15,0.16,-0.43,,0.42,0.18,,
1,2,female,45,0,0,13.5,S,0,0,1,1,0,0.56,1.13,1,0,0,,-0.10,-0.34,-0.15,0.21,0.36,-0.16,0.48,-0.15,0.16,-0.43,,0.37,0.39,,
1,1,male,42,0,0,26.2875,S,1,1,0,1,0,0.53,1.42,1,0,0,,-0.10,-0.34,-0.15,0.21,0.36,-0.16,0.48,-0.15,0.16,-0.43,,0.23,0.60,,
1,1,female,22,0,0,151.55,S,0,1,0,1,0,0.28,2.18,1,0,0,,-0.10,-0.34,-0.15,0.21,0.36,-0.16,0.48,-0.15,0.16,-0.43,,0.73,0.07,,
1,1,female,24,0,0,49.5042,C,0,1,0,0,1,0.30,1.69,1,0,0,,-0.10,-0.34,-0.15,0.21,0.36,-0.16,0.48,-0.15,0.16,-0.43,,0.64,0.13,,
1,1,male,48,1,0,52,S,1,1,0,1,0,0.60,1.72,1,0,1,,-0.10,-0.34,-0.15,0.21,0.36,-0.16,0.48,-0.15,0.16,-0.43,,-0.07,1.15,,
0,3,male,29,0,0,9.4833,S,1,0,0,1,0,0.36,0.98,1,0,0,,-0.10,-0.34,-0.15,0.21,0.36,-0.16,0.48,-0.15,0.16,-0.43,,0.38,0.14,,
0,2,male,52,0,0,13,S,1,0,1,1,0,0.65,1.11,1,0,0,,-0.10,-0.34,-0.15,0.21,0.36,-0.16,0.48,-0.15,0.16,-0.43,,0.25,0.06,,
0,3,male,19,0,0,7.65,S,1,0,0,1,0,0.24,0.88,1,0,0,,-0.10,-0.34,-0.15,0.21,0.36,-0.16,0.48,-0.15,0.16,-0.43,,0.36,0.13,,
1,1,female,38,0,0,227.525,C,0,1,0,0,1,0.48,2.36,1,0,0,,-0.10,-0.34,-0.15,0.21,0.36,-0.16,0.48,-0.15,0.16,-0.43,,0.93,0.00,,
1,2,female,27,0,0,10.5,S,0,0,1,1,0,0.34,1.02,1,0,0,,-0.10,-0.34,-0.15,0.21,0.36,-0.16,0.48,-0.15,0.16,-0.43,,0.35,0.42,,
0,3,male,33,0,0,7.775,S,1,0,0,1,0,0.41,0.89,1,0,0,,-0.10,-0.34,-0.15,0.21,0.36,-0.16,0.48,-0.15,0.16,-0.43,,0.33,0.11,,
1,2,female,6,0,1,33,S,0,0,1,1,0,0.08,1.52,1,1,0,,-0.10,-0.34,-0.15,0.21,0.36,-0.16,0.48,-0.15,0.16,-0.43,,0.79,0.04,,
0,3,male,17,1,0,7.0542,S,1,0,0,1,0,0.21,0.85,1,0,1,,-0.10,-0.34,-0.15,0.21,0.36,-0.16,0.48,-0.15,0.16,-0.43,,-0.09,0.01,,
0,2,male,34,0,0,13,S,1,0,1,1,0,0.43,1.11,1,0,0,,-0.10,-0.34,-0.15,0.21,0.36,-0.16,0.48,-0.15,0.16,-0.43,,0.29,0.08,,
0,2,male,50,0,0,13,S,1,0,1,1,0,0.63,1.11,1,0,0,,-0.10,-0.34,-0.15,0.21,0.36,-0.16,0.48,-0.15,0.16,-0.43,,0.26,0.07,,
1,1,male,27,1,0,53.1,S,1,1,0,1,0,0.34,1.73,1,0,1,,-0.10,-0.34,-0.15,0.21,0.36,-0.16,0.48,-0.15,0.16,-0.43,,-0.03,1.05,,
0,3,male,20,0,0,8.6625,S,1,0,0,1,0,0.25,0.94,1,0,0,,-0.10,-0.34,-0.15,0.21,0.36,-0.16,0.48,-0.15,0.16,-0.43,,0.38,0.14,,
1,2,female,30,3,0,21,S,0,0,1,1,0,0.38,1.32,1,0,3,,-0.10,-0.34,-0.15,0.21,0.36,-0.16,0.48,-0.15,0.16,-0.43,,-0.79,3.20,,
0,2,male,25,1,0,26,S,1,0,1,1,0,0.31,1.41,1,0,1,,-0.10,-0.34,-0.15,0.21,0.36,-0.16,0.48,-0.15,0.16,-0.43,,0.02,0.00,,
0,3,female,25,1,0,7.925,S,0,0,0,1,0,0.31,0.90,1,0,1,,-0.10,-0.34,-0.15,0.21,0.36,-0.16,0.48,-0.15,0.16,-0.43,,0.02,0.00,,
1,1,female,29,0,0,211.3375,S,0,1,0,1,0,0.36,2.32,1,0,0,,-0.10,-0.34,-0.15,0.21,0.36,-0.16,0.48,-0.15,0.16,-0.43,,0.79,0.05,,
0,3,male,11,0,0,18.7875,C,1,0,0,0,1,0.14,1.27,1,0,0,,-0.10,-0.34,-0.15,0.21,0.36,-0.16,0.48,-0.15,0.16,-0.43,,0.71,0.50,,
0,2,male,23,0,0,13,S,1,0,1,1,0,0.29,1.11,1,0,0,,-0.10,-0.34,-0.15,0.21,0.36,-0.16,0.48,-0.15,0.16,-0.43,,0.31,0.09,,
0,2,male,23,0,0,13,S,1,0,1,1,0,0.29,1.11,1,0,0,,-0.10,-0.34,-0.15,0.21,0.36,-0.16,0.48,-0.15,0.16,-0.43,,0.31,0.09,,
0,3,male,28.5,0,0,16.1,S,1,0,0,1,0,0.36,1.21,1,0,0,,-0.10,-0.34,-0.15,0.21,0.36,-0.16,0.48,-0.15,0.16,-0.43,,0.49,0.24,,
0,3,female,48,1,3,34.375,S,0,0,0,1,0,0.60,1.54,1,3,1,,-0.10,-0.34,-0.15,0.21,0.36,-0.16,0.48,-0.15,0.16,-0.43,,0.75,0.56,,
1,1,male,35,0,0,512.3292,C,1,1,0,0,1,0.44,2.71,1,0,0,,-0.10,-0.34,-0.15,0.21,0.36,-0.16,0.48,-0.15,0.16,-0.43,,1.01,0.00,,
0,1,male,36,1,0,78.85,S,1,1,0,1,0,0.45,1.90,1,0,1,,-0.10,-0.34,-0.15,0.21,0.36,-0.16,0.48,-0.15,0.16,-0.43,,0.04,0.00,,
1,1,female,21,2,2,262.375,C,0,1,0,0,1,0.26,2.42,1,2,2,,-0.10,-0.34,-0.15,0.21,0.36,-0.16,0.48,-0.15,0.16,-0.43,,0.45,0.30,,
0,3,male,24,1,0,16.1,S,1,0,0,1,0,0.30,1.21,1,0,1,,-0.10,-0.34,-0.15,0.21,0.36,-0.16,0.48,-0.15,0.16,-0.43,,0.07,0.01,,
1,3,male,31,0,0,7.925,S,1,0,0,1,0,0.39,0.90,1,0,0,,-0.10,-0.34,-0.15,0.21,0.36,-0.16,0.48,-0.15,0.16,-0.43,,0.34,0.44,,
0,1,male,70,1,1,71,S,1,1,0,1,0,0.88,1.85,1,1,1,,-0.10,-0.34,-0.15,0.21,0.36,-0.16,0.48,-0.15,0.16,-0.43,,0.11,0.01,,
0,3,male,16,1,1,20.25,S,1,0,0,1,0,0.20,1.31,1,1,1,,-0.10,-0.34,-0.15,0.21,0.36,-0.16,0.48,-0.15,0.16,-0.43,,0.29,0.09,,
1,2,female,30,0,0,13,S,0,0,1,1,0,0.38,1.11,1,0,0,,-0.10,-0.34,-0.15,0.21,0.36,-0.16,0.48,-0.15,0.16,-0.43,,0.39,0.37,,
0,1,male,19,1,0,53.1,S,1,1,0,1,0,0.24,1.73,1,0,1,,-0.10,-0.34,-0.15,0.21,0.36,-0.16,0.48,-0.15,0.16,-0.43,,-0.01,0.00,,
0,3,male,31,0,0,7.75,Q,1,0,0,0,0,0.39,0.89,1,0,0,,-0.10,-0.34,-0.15,0.21,0.36,-0.16,0.48,-0.15,0.16,-0.43,,0.12,0.02,,
1,2,female,4,1,1,23,S,0,0,1,1,0,0.05,1.36,1,1,1,,-0.10,-0.34,-0.15,0.21,0.36,-0.16,0.48,-0.15,0.16,-0.43,,0.29,0.50,,
1,3,male,6,0,1,12.475,S,1,0,0,1,0,0.08,1.10,1,1,0,,-0.10,-0.34,-0.15,0.21,0.36,-0.16,0.48,-0.15,0.16,-0.43,,0.64,0.13,,
0,3,male,33,0,0,9.5,S,1,0,0,1,0,0.41,0.98,1,0,0,,-0.10,-0.34,-0.15,0.21,0.36,-0.16,0.48,-0.15,0.16,-0.43,,0.37,0.14,,
0,3,male,23,0,0,7.8958,S,1,0,0,1,0,0.29,0.90,1,0,0,,-0.10,-0.34,-0.15,0.21,0.36,-0.16,0.48,-0.15,0.16,-0.43,,0.35,0.13,,
1,2,female,48,1,2,65,S,0,0,1,1,0,0.60,1.81,1,2,1,,-0.10,-0.34,-0.15,0.21,0.36,-0.16,0.48,-0.15,0.16,-0.43,,0.58,0.18,,
1,2,male,0.67,1,1,14.5,S,1,0,1,1,0,0.01,1.16,1,1,1,,-0.10,-0.34,-0.15,0.21,0.36,-0.16,0.48,-0.15,0.16,-0.43,,0.10,0.81,,
0,3,male,28,0,0,7.7958,S,1,0,0,1,0,0.35,0.89,1,0,0,,-0.10,-0.34,-0.15,0.21,0.36,-0.16,0.48,-0.15,0.16,-0.43,,0.34,0.12,,
0,2,male,18,0,0,11.5,S,1,0,1,1,0,0.23,1.06,1,0,0,,-0.10,-0.34,-0.15,0.21,0.36,-0.16,0.48,-0.15,0.16,-0.43,,0.29,0.09,,
0,3,male,34,0,0,8.05,S,1,0,0,1,0,0.43,0.91,1,0,0,,-0.10,-0.34,-0.15,0.21,0.36,-0.16,0.48,-0.15,0.16,-0.43,,0.34,0.11,,
1,1,female,33,0,0,86.5,S,0,1,0,1,0,0.41,1.94,1,0,0,,-0.10,-0.34,-0.15,0.21,0.36,-0.16,0.48,-0.15,0.16,-0.43,,0.59,0.17,,
0,3,male,41,0,0,7.125,S,1,0,0,1,0,0.51,0.85,1,0,0,,-0.10,-0.34,-0.15,0.21,0.36,-0.16,0.48,-0.15,0.16,-0.43,,0.30,0.09,,
1,3,male,20,0,0,7.2292,C,1,0,0,0,1,0.25,0.86,1,0,0,,-0.10,-0.34,-0.15,0.21,0.36,-0.16,0.48,-0.15,0.16,-0.43,,0.49,0.26,,
1,1,female,36,1,2,120,S,0,1,0,1,0,0.45,2.08,1,2,1,,-0.10,-0.34,-0.15,0.21,0.36,-0.16,0.48,-0.15,0.16,-0.43,,0.54,0.21,,
0,3,male,16,0,0,7.775,S,1,0,0,1,0,0.20,0.89,1,0,0,,-0.10,-0.34,-0.15,0.21,0.36,-0.16,0.48,-0.15,0.16,-0.43,,0.36,0.13,,
1,1,female,51,1,0,77.9583,S,0,1,0,1,0,0.64,1.89,1,0,1,,-0.10,-0.34,-0.15,0.21,0.36,-0.16,0.48,-0.15,0.16,-0.43,,0.11,0.80,,
0,3,female,30.5,0,0,7.75,Q,0,0,0,0,0,0.38,0.89,1,0,0,,-0.10,-0.34,-0.15,0.21,0.36,-0.16,0.48,-0.15,0.16,-0.43,,0.22,0.05,,
0,3,male,32,0,0,8.3625,S,1,0,0,1,0,0.40,0.92,1,0,0,,-0.10,-0.34,-0.15,0.21,0.36,-0.16,0.48,-0.15,0.16,-0.43,,0.35,0.12,,
0,3,male,24,0,0,9.5,S,1,0,0,1,0,0.30,0.98,1,0,0,,-0.10,-0.34,-0.15,0.21,0.36,-0.16,0.48,-0.15,0.16,-0.43,,0.39,0.15,,
0,3,male,48,0,0,7.8542,S,1,0,0,1,0,0.60,0.90,1,0,0,,-0.10,-0.34,-0.15,0.21,0.36,-0.16,0.48,-0.15,0.16,-0.43,,0.30,0.09,,
0,2,female,57,0,0,10.5,S,0,0,1,1,0,0.71,1.02,1,0,0,,-0.10,-0.34,-0.15,0.21,0.36,-0.16,0.48,-0.15,0.16,-0.43,,0.30,0.09,,
1,2,female,54,1,3,23,S,0,0,1,1,0,0.68,1.36,1,3,1,,-0.10,-0.34,-0.15,0.21,0.36,-0.16,0.48,-0.15,0.16,-0.43,,0.50,0.25,,
0,3,male,18,0,0,7.75,S,1,0,0,1,0,0.23,0.89,1,0,0,,-0.10,-0.34,-0.15,0.21,0.36,-0.16,0.48,-0.15,0.16,-0.43,,0.36,0.13,,
1,3,female,5,0,0,12.475,S,0,0,0,1,0,0.06,1.10,1,0,0,,-0.10,-0.34,-0.15,0.21,0.36,-0.16,0.48,-0.15,0.16,-0.43,,0.58,0.17,,
1,1,female,43,0,1,211.3375,S,0,1,0,1,0,0.54,2.32,1,1,0,,-0.10,-0.34,-0.15,0.21,0.36,-0.16,0.48,-0.15,0.16,-0.43,,0.92,0.01,,
1,3,female,13,0,0,7.2292,C,0,0,0,0,1,0.16,0.86,1,0,0,,-0.10,-0.34,-0.15,0.21,0.36,-0.16,0.48,-0.15,0.16,-0.43,,0.60,0.16,,
1,1,female,17,1,0,57,S,0,1,0,1,0,0.21,1.76,1,0,1,,-0.10,-0.34,-0.15,0.21,0.36,-0.16,0.48,-0.15,0.16,-0.43,,0.11,0.79,,
0,1,male,29,0,0,30,S,1,1,0,1,0,0.36,1.48,1,0,0,,-0.10,-0.34,-0.15,0.21,0.36,-0.16,0.48,-0.15,0.16,-0.43,,0.28,0.08,,
0,3,male,25,0,0,7.05,S,1,0,0,1,0,0.31,0.85,1,0,0,,-0.10,-0.34,-0.15,0.21,0.36,-0.16,0.48,-0.15,0.16,-0.43,,0.33,0.11,,
0,3,male,25,0,0,7.25,S,1,0,0,1,0,0.31,0.86,1,0,0,,-0.10,-0.34,-0.15,0.21,0.36,-0.16,0.48,-0.15,0.16,-0.43,,0.33,0.11,,
1,3,female,18,0,0,7.4958,S,0,0,0,1,0,0.23,0.87,1,0,0,,-0.10,-0.34,-0.15,0.21,0.36,-0.16,0.48,-0.15,0.16,-0.43,,0.45,0.30,,
0,3,male,8,4,1,29.125,Q,1,0,0,0,0,0.10,1.46,1,1,4,,-0.10,-0.34,-0.15,0.21,0.36,-0.16,0.48,-0.15,0.16,-0.43,,-1.11,1.23,,
1,3,male,1,1,2,20.575,S,1,0,0,1,0,0.01,1.31,1,2,1,,-0.10,-0.34,-0.15,0.21,0.36,-0.16,0.48,-0.15,0.16,-0.43,,0.48,0.27,,
0,1,male,46,0,0,79.2,C,1,1,0,0,1,0.58,1.90,1,0,0,,-0.10,-0.34,-0.15,0.21,0.36,-0.16,0.48,-0.15,0.16,-0.43,,0.60,0.36,,
0,2,male,16,0,0,26,S,1,0,1,1,0,0.20,1.41,1,0,0,,-0.10,-0.34,-0.15,0.21,0.36,-0.16,0.48,-0.15,0.16,-0.43,,0.47,0.22,,
0,3,male,25,0,0,7.8958,S,1,0,0,1,0,0.31,0.90,1,0,0,,-0.10,-0.34,-0.15,0.21,0.36,-0.16,0.48,-0.15,0.16,-0.43,,0.35,0.12,,
0,2,male,39,0,0,13,S,1,0,1,1,0,0.49,1.11,1,0,0,,-0.10,-0.34,-0.15,0.21,0.36,-0.16,0.48,-0.15,0.16,-0.43,,0.28,0.08,,
1,1,female,49,0,0,25.9292,S,0,1,0,1,0,0.61,1.41,1,0,0,,-0.10,-0.34,-0.15,0.21,0.36,-0.16,0.48,-0.15,0.16,-0.43,,0.31,0.48,,
1,3,female,31,0,0,8.6833,S,0,0,0,1,0,0.39,0.94,1,0,0,,-0.10,-0.34,-0.15,0.21,0.36,-0.16,0.48,-0.15,0.16,-0.43,,0.46,0.29,,
0,3,male,30,0,0,7.2292,C,1,0,0,0,1,0.38,0.86,1,0,0,,-0.10,-0.34,-0.15,0.21,0.36,-0.16,0.48,-0.15,0.16,-0.43,,0.47,0.22,,
0,3,female,30,1,1,24.15,S,0,0,0,1,0,0.38,1.38,1,1,1,,-0.10,-0.34,-0.15,0.21,0.36,-0.16,0.48,-0.15,0.16,-0.43,,0.40,0.16,,
0,2,male,34,0,0,13,S,1,0,1,1,0,0.43,1.11,1,0,0,,-0.10,-0.34,-0.15,0.21,0.36,-0.16,0.48,-0.15,0.16,-0.43,,0.29,0.08,,
1,2,female,31,1,1,26.25,S,0,0,1,1,0,0.39,1.42,1,1,1,,-0.10,-0.34,-0.15,0.21,0.36,-0.16,0.48,-0.15,0.16,-0.43,,0.27,0.54,,
1,1,male,11,1,2,120,S,1,1,0,1,0,0.14,2.08,1,2,1,,-0.10,-0.34,-0.15,0.21,0.36,-0.16,0.48,-0.15,0.16,-0.43,,0.49,0.26,,
1,3,male,0.42,0,1,8.5167,C,1,0,0,0,1,0.01,0.93,1,1,0,,-0.10,-0.34,-0.15,0.21,0.36,-0.16,0.48,-0.15,0.16,-0.43,,0.72,0.08,,
1,3,male,27,0,0,6.975,S,1,0,0,1,0,0.34,0.84,1,0,0,,-0.10,-0.34,-0.15,0.21,0.36,-0.16,0.48,-0.15,0.16,-0.43,,0.32,0.46,,
0,3,male,31,0,0,7.775,S,1,0,0,1,0,0.39,0.89,1,0,0,,-0.10,-0.34,-0.15,0.21,0.36,-0.16,0.48,-0.15,0.16,-0.43,,0.34,0.11,,
0,3,female,18,0,0,7.775,S,0,0,0,1,0,0.23,0.89,1,0,0,,-0.10,-0.34,-0.15,0.21,0.36,-0.16,0.48,-0.15,0.16,-0.43,,0.46,0.21,,
0,2,male,39,0,0,13,S,1,0,1,1,0,0.49,1.11,1,0,0,,-0.10,-0.34,-0.15,0.21,0.36,-0.16,0.48,-0.15,0.16,-0.43,,0.28,0.08,,
1,1,female,33,1,0,53.1,S,0,1,0,1,0,0.41,1.73,1,0,1,,-0.10,-0.34,-0.15,0.21,0.36,-0.16,0.48,-0.15,0.16,-0.43,,0.06,0.88,,
0,3,male,26,0,0,7.8875,S,1,0,0,1,0,0.33,0.90,1,0,0,,-0.10,-0.34,-0.15,0.21,0.36,-0.16,0.48,-0.15,0.16,-0.43,,0.35,0.12,,
0,3,male,39,0,0,24.15,S,1,0,0,1,0,0.49,1.38,1,0,0,,-0.10,-0.34,-0.15,0.21,0.36,-0.16,0.48,-0.15,0.16,-0.43,,0.56,0.31,,
0,2,male,35,0,0,10.5,S,1,0,1,1,0,0.44,1.02,1,0,0,,-0.10,-0.34,-0.15,0.21,0.36,-0.16,0.48,-0.15,0.16,-0.43,,0.24,0.06,,
0,3,female,6,4,2,31.275,S,0,0,0,1,0,0.08,1.50,1,2,4,,-0.10,-0.34,-0.15,0.21,0.36,-0.16,0.48,-0.15,0.16,-0.43,,-0.62,0.39,,
0,3,male,30.5,0,0,8.05,S,1,0,0,1,0,0.38,0.91,1,0,0,,-0.10,-0.34,-0.15,0.21,0.36,-0.16,0.48,-0.15,0.16,-0.43,,0.34,0.12,,
0,3,female,23,0,0,7.925,S,0,0,0,1,0,0.29,0.90,1,0,0,,-0.10,-0.34,-0.15,0.21,0.36,-0.16,0.48,-0.15,0.16,-0.43,,0.45,0.21,,
0,2,male,31,1,1,37.0042,C,1,0,1,0,1,0.39,1.57,1,1,1,,-0.10,-0.34,-0.15,0.21,0.36,-0.16,0.48,-0.15,0.16,-0.43,,0.39,0.15,,
0,3,male,43,0,0,6.45,S,1,0,0,1,0,0.54,0.81,1,0,0,,-0.10,-0.34,-0.15,0.21,0.36,-0.16,0.48,-0.15,0.16,-0.43,,0.27,0.07,,
0,3,male,10,3,2,27.9,S,1,0,0,1,0,0.13,1.45,1,2,3,,-0.10,-0.34,-0.15,0.21,0.36,-0.16,0.48,-0.15,0.16,-0.43,,-0.33,0.11,,
1,1,female,52,1,1,93.5,S,0,1,0,1,0,0.65,1.97,1,1,1,,-0.10,-0.34,-0.15,0.21,0.36,-0.16,0.48,-0.15,0.16,-0.43,,0.30,0.49,,
1,3,male,27,0,0,8.6625,S,1,0,0,1,0,0.34,0.94,1,0,0,,-0.10,-0.34,-0.15,0.21,0.36,-0.16,0.48,-0.15,0.16,-0.43,,0.37,0.40,,
1,3,female,27,0,1,12.475,S,0,0,0,1,0,0.34,1.10,1,1,0,,-0.10,-0.34,-0.15,0.21,0.36,-0.16,0.48,-0.15,0.16,-0.43,,0.70,0.09,,
0,3,male,2,4,1,39.6875,S,1,0,0,1,0,0.03,1.60,1,1,4,,-0.10,-0.34,-0.15,0.21,0.36,-0.16,0.48,-0.15,0.16,-0.43,,-0.82,0.68,,
1,2,male,1,0,2,37.0042,C,1,0,1,0,1,0.01,1.57,1,2,0,,-0.10,-0.34,-0.15,0.21,0.36,-0.16,0.48,-0.15,0.16,-0.43,,1.03,0.00,,
1,3,female,15,1,0,14.4542,C,0,0,0,0,1,0.19,1.16,1,0,1,,-0.10,-0.34,-0.15,0.21,0.36,-0.16,0.48,-0.15,0.16,-0.43,,0.32,0.47,,
1,2,male,0.83,1,1,18.75,S,1,0,1,1,0,0.01,1.27,1,1,1,,-0.10,-0.34,-0.15,0.21,0.36,-0.16,0.48,-0.15,0.16,-0.43,,0.16,0.71,,
0,3,male,23,0,0,7.8542,S,1,0,0,1,0,0.29,0.90,1,0,0,,-0.10,-0.34,-0.15,0.21,0.36,-0.16,0.48,-0.15,0.16,-0.43,,0.35,0.12,,
0,3,male,18,0,0,8.3,S,1,0,0,1,0,0.23,0.92,1,0,0,,-0.10,-0.34,-0.15,0.21,0.36,-0.16,0.48,-0.15,0.16,-0.43,,0.37,0.14,,
1,1,female,39,1,1,83.1583,C,0,1,0,0,1,0.49,1.92,1,1,1,,-0.10,-0.34,-0.15,0.21,0.36,-0.16,0.48,-0.15,0.16,-0.43,,0.45,0.30,,
0,3,male,21,0,0,8.6625,S,1,0,0,1,0,0.26,0.94,1,0,0,,-0.10,-0.34,-0.15,0.21,0.36,-0.16,0.48,-0.15,0.16,-0.43,,0.38,0.14,,
1,3,male,32,0,0,56.4958,S,1,0,0,1,0,0.40,1.75,1,0,0,,-0.10,-0.34,-0.15,0.21,0.36,-0.16,0.48,-0.15,0.16,-0.43,,0.75,0.06,,
0,3,male,20,0,0,7.925,S,1,0,0,1,0,0.25,0.90,1,0,0,,-0.10,-0.34,-0.15,0.21,0.36,-0.16,0.48,-0.15,0.16,-0.43,,0.36,0.13,,
0,2,male,16,0,0,10.5,S,1,0,1,1,0,0.20,1.02,1,0,0,,-0.10,-0.34,-0.15,0.21,0.36,-0.16,0.48,-0.15,0.16,-0.43,,0.28,0.08,,
1,1,female,30,0,0,31,C,0,1,0,0,1,0.38,1.49,1,0,0,,-0.10,-0.34,-0.15,0.21,0.36,-0.16,0.48,-0.15,0.16,-0.43,,0.53,0.22,,
0,3,male,34.5,0,0,6.4375,C,1,0,0,0,1,0.43,0.81,1,0,0,,-0.10,-0.34,-0.15,0.21,0.36,-0.16,0.48,-0.15,0.16,-0.43,,0.44,0.19,,
0,3,male,17,0,0,8.6625,S,1,0,0,1,0,0.21,0.94,1,0,0,,-0.10,-0.34,-0.15,0.21,0.36,-0.16,0.48,-0.15,0.16,-0.43,,0.39,0.15,,
0,3,male,42,0,0,7.55,S,1,0,0,1,0,0.53,0.88,1,0,0,,-0.10,-0.34,-0.15,0.21,0.36,-0.16,0.48,-0.15,0.16,-0.43,,0.31,0.09,,
0,3,male,35,0,0,7.8958,C,1,0,0,0,1,0.44,0.90,1,0,0,,-0.10,-0.34,-0.15,0.21,0.36,-0.16,0.48,-0.15,0.16,-0.43,,0.48,0.23,,
0,2,male,28,0,1,33,S,1,0,1,1,0,0.35,1.52,1,1,0,,-0.10,-0.34,-0.15,0.21,0.36,-0.16,0.48,-0.15,0.16,-0.43,,0.65,0.42,,
0,3,male,4,4,2,31.275,S,1,0,0,1,0,0.05,1.50,1,2,4,,-0.10,-0.34,-0.15,0.21,0.36,-0.16,0.48,-0.15,0.16,-0.43,,-0.72,0.52,,
0,3,male,74,0,0,7.775,S,1,0,0,1,0,0.93,0.89,1,0,0,,-0.10,-0.34,-0.15,0.21,0.36,-0.16,0.48,-0.15,0.16,-0.43,,0.25,0.06,,
0,3,female,9,1,1,15.2458,C,0,0,0,0,1,0.11,1.18,1,1,1,,-0.10,-0.34,-0.15,0.21,0.36,-0.16,0.48,-0.15,0.16,-0.43,,0.49,0.24,,
1,1,female,16,0,1,39.4,S,0,1,0,1,0,0.20,1.60,1,1,0,,-0.10,-0.34,-0.15,0.21,0.36,-0.16,0.48,-0.15,0.16,-0.43,,0.62,0.15,,
0,2,female,44,1,0,26,S,0,0,1,1,0,0.55,1.41,1,0,1,,-0.10,-0.34,-0.15,0.21,0.36,-0.16,0.48,-0.15,0.16,-0.43,,0.08,0.01,,
1,3,female,18,0,1,9.35,S,0,0,0,1,0,0.23,0.97,1,1,0,,-0.10,-0.34,-0.15,0.21,0.36,-0.16,0.48,-0.15,0.16,-0.43,,0.65,0.12,,
1,1,female,45,1,1,164.8667,S,0,1,0,1,0,0.56,2.22,1,1,1,,-0.10,-0.34,-0.15,0.21,0.36,-0.16,0.48,-0.15,0.16,-0.43,,0.43,0.32,,
1,1,male,51,0,0,26.55,S,1,1,0,1,0,0.64,1.42,1,0,0,,-0.10,-0.34,-0.15,0.21,0.36,-0.16,0.48,-0.15,0.16,-0.43,,0.21,0.62,,
1,3,female,24,0,3,19.2583,C,0,0,0,0,1,0.30,1.28,1,3,0,,-0.10,-0.34,-0.15,0.21,0.36,-0.16,0.48,-0.15,0.16,-0.43,,1.25,0.06,,
0,3,male,41,2,0,14.1083,S,1,0,0,1,0,0.51,1.15,1,0,2,,-0.10,-0.34,-0.15,0.21,0.36,-0.16,0.48,-0.15,0.16,-0.43,,-0.41,0.17,,
0,2,male,21,1,0,11.5,S,1,0,1,1,0,0.26,1.06,1,0,1,,-0.10,-0.34,-0.15,0.21,0.36,-0.16,0.48,-0.15,0.16,-0.43,,-0.14,0.02,,
1,1,female,48,0,0,25.9292,S,0,1,0,1,0,0.60,1.41,1,0,0,,-0.10,-0.34,-0.15,0.21,0.36,-0.16,0.48,-0.15,0.16,-0.43,,0.31,0.48,,
0,2,male,24,0,0,13,S,1,0,1,1,0,0.30,1.11,1,0,0,,-0.10,-0.34,-0.15,0.21,0.36,-0.16,0.48,-0.15,0.16,-0.43,,0.31,0.09,,
1,2,female,42,0,0,13,S,0,0,1,1,0,0.53,1.11,1,0,0,,-0.10,-0.34,-0.15,0.21,0.36,-0.16,0.48,-0.15,0.16,-0.43,,0.37,0.40,,
1,2,female,27,1,0,13.8583,C,0,0,1,0,1,0.34,1.14,1,0,1,,-0.10,-0.34,-0.15,0.21,0.36,-0.16,0.48,-0.15,0.16,-0.43,,0.13,0.75,,
0,1,male,31,0,0,50.4958,S,1,1,0,1,0,0.39,1.70,1,0,0,,-0.10,-0.34,-0.15,0.21,0.36,-0.16,0.48,-0.15,0.16,-0.43,,0.38,0.15,,
1,3,male,4,1,1,11.1333,S,1,0,0,1,0,0.05,1.05,1,1,1,,-0.10,-0.34,-0.15,0.21,0.36,-0.16,0.48,-0.15,0.16,-0.43,,0.19,0.66,,
0,3,male,26,0,0,7.8958,S,1,0,0,1,0,0.33,0.90,1,0,0,,-0.10,-0.34,-0.15,0.21,0.36,-0.16,0.48,-0.15,0.16,-0.43,,0.35,0.12,,
1,1,female,47,1,1,52.5542,S,0,1,0,1,0,0.59,1.72,1,1,1,,-0.10,-0.34,-0.15,0.21,0.36,-0.16,0.48,-0.15,0.16,-0.43,,0.19,0.66,,
0,1,male,33,0,0,5,S,1,1,0,1,0,0.41,0.70,1,0,0,,-0.10,-0.34,-0.15,0.21,0.36,-0.16,0.48,-0.15,0.16,-0.43,,-0.10,0.01,,
0,3,male,47,0,0,9,S,1,0,0,1,0,0.59,0.95,1,0,0,,-0.10,-0.34,-0.15,0.21,0.36,-0.16,0.48,-0.15,0.16,-0.43,,0.33,0.11,,
1,2,female,28,1,0,24,C,0,0,1,0,1,0.35,1.38,1,0,1,,-0.10,-0.34,-0.15,0.21,0.36,-0.16,0.48,-0.15,0.16,-0.43,,0.25,0.57,,
1,3,female,15,0,0,7.225,C,0,0,0,0,1,0.19,0.86,1,0,0,,-0.10,-0.34,-0.15,0.21,0.36,-0.16,0.48,-0.15,0.16,-0.43,,0.60,0.16,,
0,3,male,20,0,0,9.8458,S,1,0,0,1,0,0.25,0.99,1,0,0,,-0.10,-0.34,-0.15,0.21,0.36,-0.16,0.48,-0.15,0.16,-0.43,,0.41,0.16,,
0,3,male,19,0,0,7.8958,S,1,0,0,1,0,0.24,0.90,1,0,0,,-0.10,-0.34,-0.15,0.21,0.36,-0.16,0.48,-0.15,0.16,-0.43,,0.36,0.13,,
1,1,female,56,0,1,83.1583,C,0,1,0,0,1,0.70,1.92,1,1,0,,-0.10,-0.34,-0.15,0.21,0.36,-0.16,0.48,-0.15,0.16,-0.43,,0.84,0.02,,
1,2,female,25,0,1,26,S,0,0,1,1,0,0.31,1.41,1,1,0,,-0.10,-0.34,-0.15,0.21,0.36,-0.16,0.48,-0.15,0.16,-0.43,,0.70,0.09,,
0,3,male,33,0,0,7.8958,S,1,0,0,1,0,0.41,0.90,1,0,0,,-0.10,-0.34,-0.15,0.21,0.36,-0.16,0.48,-0.15,0.16,-0.43,,0.33,0.11,,
0,3,female,22,0,0,10.5167,S,0,0,0,1,0,0.28,1.02,1,0,0,,-0.10,-0.34,-0.15,0.21,0.36,-0.16,0.48,-0.15,0.16,-0.43,,0.52,0.27,,
0,2,male,28,0,0,10.5,S,1,0,1,1,0,0.35,1.02,1,0,0,,-0.10,-0.34,-0.15,0.21,0.36,-0.16,0.48,-0.15,0.16,-0.43,,0.25,0.06,,
0,3,male,25,0,0,7.05,S,1,0,0,1,0,0.31,0.85,1,0,0,,-0.10,-0.34,-0.15,0.21,0.36,-0.16,0.48,-0.15,0.16,-0.43,,0.33,0.11,,
0,3,female,39,0,5,29.125,Q,0,0,0,0,0,0.49,1.46,1,5,0,,-0.10,-0.34,-0.15,0.21,0.36,-0.16,0.48,-0.15,0.16,-0.43,,1.26,1.59,,
0,2,male,27,0,0,13,S,1,0,1,1,0,0.34,1.11,1,0,0,,-0.10,-0.34,-0.15,0.21,0.36,-0.16,0.48,-0.15,0.16,-0.43,,0.30,0.09,,
1,1,female,19,0,0,30,S,0,1,0,1,0,0.24,1.48,1,0,0,,-0.10,-0.34,-0.15,0.21,0.36,-0.16,0.48,-0.15,0.16,-0.43,,0.40,0.36,,
1,1,male,26,0,0,30,C,1,1,0,0,1,0.33,1.48,1,0,0,,-0.10,-0.34,-0.15,0.21,0.36,-0.16,0.48,-0.15,0.16,-0.43,,0.43,0.32,,
0,3,male,32,0,0,7.75,Q,1,0,0,0,0,0.40,0.89,1,0,0,,-0.10,-0.34,-0.15,0.21,0.36,-0.16,0.48,-0.15,0.16,-0.43,,0.12,0.01,,
